CGPA,Tenth_Percentage,Twelfth_Percentage,Internships,Projects,Coding_Skills,Communication_Skills,Aptitude_Score,Technical_Skills,Backlogs,Certifications,Hackathon_Participation,Placement_Status
7.7,79.25,67.78,0,1,91.7,71.7,75.4,68.7,4,0,1,1
7.06,73.71,76.77,0,1,50.9,71.5,66.9,97.9,0,1,1,1
7.85,79.22,69.53,0,1,29.1,53.7,58.8,76.0,1,1,1,0
8.72,83.43,72.28,2,2,74.9,48.2,46.4,58.4,2,2,1,1
6.97,78.49,91.73,0,2,90.3,100.0,66.5,60.1,0,3,0,1
6.97,78.41,88.4,2,4,67.1,57.7,71.7,50.6,0,0,2,1
8.78,70.98,62.0,1,3,40.4,75.5,62.4,42.9,0,1,0,1
7.97,71.37,83.3,3,3,57.8,40.9,87.3,50.1,2,3,0,1
6.73,63.97,83.11,4,2,39.9,60.8,67.8,46.1,1,0,0,1
7.74,95.5,63.52,0,1,71.6,63.1,75.5,71.8,0,1,0,1
6.74,65.56,83.19,2,2,35.7,72.1,62.3,40.7,2,1,2,1
6.73,71.07,90.38,0,2,54.6,24.2,71.5,84.0,0,0,2,1
7.44,70.82,63.77,1,3,41.9,67.5,46.5,73.5,2,1,0,0
5.29,86.95,65.82,1,0,62.3,47.8,52.2,60.4,2,2,0,0
5.48,75.05,85.18,1,0,53.4,69.9,65.9,60.0,3,3,3,0
6.64,90.48,77.71,1,3,63.2,49.5,65.8,50.0,2,2,1,0
6.19,71.27,80.51,0,2,60.4,52.2,68.6,64.9,0,3,2,1
7.51,80.79,78.41,2,3,42.2,60.9,78.7,79.6,5,0,3,0
6.29,69.65,78.91,3,3,71.3,49.2,35.8,47.3,0,2,1,1
5.79,99.45,61.74,2,4,59.1,57.9,43.4,32.4,1,3,1,0
8.67,66.12,85.47,0,3,42.2,47.1,63.9,72.7,0,0,1,0
6.97,81.1,86.7,1,2,100.0,37.5,47.7,65.8,5,3,1,1
7.27,84.34,72.71,0,5,68.6,80.3,100.0,39.8,1,2,0,1
5.78,82.14,74.57,0,3,57.2,45.6,68.8,46.8,2,2,1,0
6.66,76.15,59.69,2,4,85.5,62.3,58.7,44.5,0,5,1,1
7.31,76.7,80.14,3,2,93.2,76.3,51.2,47.0,2,2,0,1
6.05,78.44,80.72,3,5,57.4,55.8,51.8,54.2,2,1,0,1
7.58,76.53,74.38,1,3,66.3,52.6,60.5,55.2,1,2,1,1
6.6,87.64,86.24,1,3,42.2,68.4,61.9,48.3,0,6,1,1
6.91,100.0,71.66,0,3,57.4,81.8,52.2,46.4,0,1,2,1
6.6,72.43,80.65,2,4,56.4,47.5,55.4,55.9,0,2,2,1
9.05,64.3,64.8,1,3,63.3,62.7,82.9,63.0,0,0,2,1
7.19,77.12,74.76,4,2,66.0,39.0,83.5,54.3,0,5,0,1
6.14,100.0,73.26,1,4,70.1,59.1,64.3,80.9,0,3,1,1
8.02,69.96,77.25,3,3,64.3,65.5,37.2,69.1,0,5,0,1
5.98,94.39,71.3,1,2,38.2,52.2,69.2,31.4,0,2,0,1
7.41,94.78,73.69,0,2,43.1,58.1,86.4,69.4,0,0,0,0
5.24,72.46,83.26,2,4,50.2,43.9,83.3,70.9,3,0,0,0
5.87,83.69,70.63,1,1,54.9,66.2,72.5,52.2,0,1,1,0
7.4,94.28,58.93,2,2,78.9,80.8,84.2,33.1,0,1,1,1
7.94,74.21,92.5,2,3,39.1,48.5,60.9,60.1,0,3,0,1
7.37,75.96,88.81,2,1,53.6,55.7,70.7,59.9,1,1,0,1
7.08,72.18,62.08,1,1,77.2,72.5,48.4,39.8,3,2,0,0
6.9,67.85,81.9,3,6,54.6,83.2,65.0,33.9,0,3,0,1
5.72,71.51,69.97,2,1,68.3,42.6,82.6,58.4,0,1,1,1
6.48,65.76,77.63,2,4,57.5,62.5,50.0,55.8,4,1,0,0
6.74,78.34,77.94,3,1,64.6,69.2,45.4,52.5,0,4,0,1
8.26,70.3,72.66,0,1,55.9,63.5,61.7,58.5,0,2,0,1
7.54,80.34,67.16,1,3,72.0,27.8,56.1,40.2,0,2,2,1
5.44,62.44,68.09,1,5,32.2,72.5,71.0,52.2,0,2,0,1
7.52,81.31,65.84,0,2,53.5,87.8,52.3,69.6,5,3,1,0
6.81,86.34,66.68,0,3,65.3,66.7,89.2,53.7,0,1,1,1
6.52,58.06,74.33,2,4,69.6,49.5,38.1,29.9,3,0,4,0
7.81,81.74,67.84,1,1,86.9,57.3,81.3,51.5,5,0,1,0
8.23,90.28,81.82,1,0,53.0,91.5,47.0,40.7,1,4,2,1
8.13,65.9,89.87,2,2,86.6,78.6,29.5,64.8,0,2,0,1
6.36,94.73,69.2,0,2,48.1,74.6,64.0,65.7,0,2,2,1
6.89,82.19,77.39,1,1,83.9,70.3,55.7,30.1,0,1,0,1
7.53,70.95,80.0,0,1,74.7,55.1,41.1,73.7,0,2,0,1
8.18,77.44,79.72,2,2,43.6,62.0,31.4,40.0,1,1,0,1
6.72,83.58,75.76,1,2,65.5,63.8,59.9,88.1,0,1,4,1
7.01,78.76,82.43,0,3,59.1,73.2,76.6,59.1,3,1,1,0
6.09,83.39,79.82,2,3,71.3,87.6,69.9,37.6,0,1,1,1
6.0,68.79,62.62,1,2,56.0,81.8,61.0,39.4,1,0,1,0
8.01,79.69,83.69,2,2,54.5,43.7,68.1,66.3,3,1,0,0
8.56,63.86,83.87,2,3,84.6,68.4,59.5,53.0,0,1,2,1
7.13,76.89,67.37,1,1,58.2,76.1,35.7,58.3,0,2,0,1
8.2,68.96,75.38,0,2,74.9,74.3,35.8,89.0,0,1,2,1
7.56,70.64,81.83,0,3,55.9,55.6,56.5,47.4,0,3,1,0
6.55,90.36,72.91,1,3,90.0,100.0,57.3,61.1,0,2,1,1
7.56,88.91,85.73,0,4,47.8,45.8,74.5,85.6,0,3,0,1
8.74,84.09,98.64,3,3,48.9,48.8,72.9,64.9,0,2,0,1
7.16,67.08,67.14,0,0,87.4,68.5,70.3,31.1,5,4,0,0
8.76,74.84,61.19,0,1,52.0,96.8,55.2,69.1,0,0,0,1
4.58,90.13,78.04,2,3,88.8,52.5,36.5,39.1,0,3,0,1
8.02,79.42,82.22,0,3,76.1,61.0,67.0,85.3,0,4,0,1
7.29,100.0,72.69,1,1,57.2,81.2,68.9,45.2,0,2,0,1
6.9,81.93,89.53,1,2,27.4,64.7,19.4,100.0,0,5,0,1
7.29,79.92,61.61,1,4,59.7,60.0,45.8,86.4,4,2,0,0
5.21,74.91,81.93,0,1,61.8,73.5,48.3,45.7,0,1,0,0
6.98,79.34,68.94,1,4,81.0,69.1,62.0,60.4,0,2,1,1
7.56,76.48,92.19,0,3,88.6,80.5,46.3,73.6,0,3,0,1
8.68,85.08,94.93,0,4,47.7,84.4,59.4,74.1,0,0,3,1
6.68,87.57,67.33,0,0,74.4,69.6,56.4,68.0,0,1,1,1
6.39,70.14,69.5,1,2,73.8,69.4,57.3,82.5,1,1,0,1
6.7,64.69,83.6,1,6,79.3,68.2,47.8,57.8,0,1,0,1
8.12,59.64,71.13,2,4,69.0,72.3,49.1,53.4,0,2,0,1
7.53,83.08,74.55,1,3,25.0,65.8,41.6,53.8,1,4,1,0
6.67,66.97,75.25,3,1,57.2,65.0,66.5,75.5,0,4,1,1
7.71,56.47,55.8,2,1,39.2,82.9,69.7,66.6,0,3,0,1
7.3,81.89,74.86,3,0,56.4,87.7,46.9,65.2,5,2,0,0
8.17,100.0,68.1,1,3,77.6,42.4,85.9,74.3,0,6,0,1
6.5,77.94,70.07,0,1,65.5,65.2,54.7,23.1,2,4,4,0
6.87,86.38,89.44,1,4,80.7,54.7,86.0,65.6,0,0,0,1
6.81,78.82,62.43,1,3,66.2,60.3,49.1,63.9,0,1,1,1
5.74,77.01,83.13,1,0,36.6,71.0,25.5,90.0,0,1,1,0
7.5,87.19,72.21,0,3,14.6,75.0,66.8,32.5,0,2,0,0
7.46,75.1,72.2,0,3,62.7,63.3,64.2,88.0,0,1,2,1
7.21,80.67,82.9,0,0,56.1,36.3,60.6,61.4,0,0,1,1
6.97,81.22,78.4,0,3,42.4,50.5,49.1,68.8,3,0,1,0
5.78,71.32,80.71,0,3,29.4,78.4,59.4,90.2,1,1,0,1
6.78,87.92,84.68,1,3,46.8,23.9,51.3,70.1,0,1,1,1
6.86,76.25,71.69,1,3,56.5,82.8,54.9,67.2,1,0,2,0
6.4,70.44,68.88,3,1,72.0,72.8,74.3,64.4,3,1,1,0
7.04,83.37,64.15,0,3,63.4,84.7,63.1,51.3,1,2,0,1
7.6,69.02,66.75,1,2,88.9,62.0,70.4,59.5,0,2,1,1
9.09,78.28,100.0,0,1,41.4,34.1,56.1,47.1,2,2,2,0
7.37,77.91,87.45,0,3,75.9,71.5,54.2,59.2,0,0,2,1
7.46,88.86,61.49,0,1,60.9,84.1,40.4,18.0,0,2,1,1
7.13,82.75,61.78,0,0,72.5,78.9,53.7,67.7,0,2,1,0
5.28,77.75,79.82,1,2,52.1,55.1,3.5,57.8,2,2,1,0
7.17,86.18,80.47,1,1,79.3,66.3,50.0,53.9,3,1,1,0
7.26,91.9,80.49,0,1,65.3,57.0,58.6,64.0,3,2,3,0
9.66,83.58,72.45,1,2,47.8,52.7,69.6,34.2,0,3,1,1
7.01,78.1,73.75,2,3,59.8,79.3,55.4,94.7,3,1,2,1
7.5,64.88,78.28,1,1,55.7,47.0,65.9,58.2,0,2,0,1
7.17,67.35,75.86,1,2,68.8,51.6,22.9,57.4,0,0,2,0
6.03,74.95,52.81,1,4,38.8,48.4,59.0,42.6,0,3,0,0
8.34,71.9,72.7,4,2,59.5,42.6,31.4,60.4,0,1,1,1
7.95,76.13,66.49,1,3,67.1,67.2,39.5,85.0,1,4,3,1
7.99,78.57,76.75,0,5,60.6,82.4,56.8,78.6,0,2,0,1
6.29,83.3,100.0,0,4,84.2,62.2,81.7,75.4,3,2,0,1
8.6,77.3,78.67,1,0,73.9,42.4,66.3,69.8,0,1,0,1
5.8,82.87,71.86,1,3,59.9,77.6,60.3,53.5,0,1,0,1
7.79,78.64,84.22,1,3,63.9,90.3,59.7,33.9,3,2,1,1
9.39,58.25,79.83,0,4,65.3,55.3,47.9,56.4,0,3,1,1
6.21,68.61,79.2,2,2,67.3,57.8,50.8,55.8,1,1,2,0
6.63,76.56,81.07,1,1,27.1,72.7,67.3,78.9,1,3,0,0
7.3,65.9,95.57,1,0,54.6,89.3,36.4,65.6,0,2,0,1
6.7,84.0,63.69,1,3,33.3,57.2,70.1,89.0,1,2,2,1
5.65,93.31,79.74,0,2,83.0,45.0,53.4,81.6,0,1,1,1
7.27,90.19,65.74,0,3,58.9,74.5,74.0,51.8,2,2,1,1
6.14,75.87,80.56,2,4,56.5,77.0,76.3,27.7,0,1,3,1
7.67,92.91,65.81,0,1,76.1,65.1,31.6,84.9,0,2,0,1
6.28,79.49,70.83,0,2,67.6,56.6,50.1,84.5,0,3,1,1
,74.63,72.05,2,1,,,,35.4,0,2,0,1
6.42,71.87,84.76,1,3,58.7,72.9,29.2,87.2,1,1,1,0
6.88,74.98,84.18,2,3,54.0,53.5,42.4,66.9,4,1,0,0
8.01,74.12,62.54,1,2,28.6,65.7,100.0,62.9,1,0,1,1
5.97,79.7,75.55,0,1,47.6,44.7,70.4,89.1,0,0,0,0
7.43,79.61,67.9,0,4,56.7,75.3,92.6,84.2,3,2,2,1
8.51,78.03,62.41,4,2,57.9,61.1,74.1,71.7,0,1,2,1
5.59,82.37,72.83,1,0,33.3,58.5,47.4,68.5,1,2,1,0
7.38,89.91,71.92,1,3,80.7,64.5,53.5,71.1,1,2,2,1
7.46,87.5,99.27,0,5,58.2,65.6,70.0,52.8,0,0,2,1
7.98,63.15,79.33,2,4,60.7,78.4,67.4,59.0,2,2,1,1
5.96,52.46,61.22,0,5,67.2,73.9,50.2,43.8,0,2,2,0
5.88,87.34,69.35,0,4,45.8,62.7,34.3,54.0,1,1,1,0
7.72,64.33,85.21,0,1,68.2,76.5,100.0,53.4,1,1,3,1
7.5,75.75,95.88,0,2,53.4,71.0,57.6,48.6,3,1,0,0
7.45,66.3,59.14,2,1,43.9,58.6,54.5,62.5,3,3,2,0
7.55,59.98,56.2,1,2,70.3,63.1,61.9,54.2,0,1,1,1
6.52,83.41,93.71,0,4,86.9,62.8,55.9,69.0,1,2,0,1
7.43,85.59,78.9,2,1,73.0,72.6,62.1,30.8,0,0,0,1
7.49,72.23,66.32,0,4,76.6,59.5,81.9,58.0,0,0,3,1
6.49,52.09,80.35,1,4,50.6,59.1,57.9,62.4,3,0,3,1
9.07,72.54,48.64,1,2,31.2,94.5,40.2,54.4,3,3,3,1
7.67,81.92,75.03,1,3,86.8,79.1,57.3,56.9,3,0,1,1
6.01,63.21,78.28,0,4,97.0,53.6,52.1,31.5,0,0,0,1
7.86,79.83,84.24,1,2,87.8,73.6,84.2,66.4,2,2,1,1
6.23,77.85,64.86,1,1,54.0,66.8,79.9,71.7,4,0,0,0
7.99,83.79,75.86,0,3,39.2,70.9,61.8,68.9,0,0,0,1
8.36,79.2,65.75,0,5,40.8,67.1,38.3,78.7,0,1,1,1
6.38,68.27,77.55,0,2,29.7,82.8,39.2,63.6,2,1,0,0
8.16,89.97,66.05,1,6,58.1,70.2,60.3,68.6,1,0,2,1
7.61,76.41,70.92,1,3,88.9,64.1,65.7,62.8,5,0,0,0
8.02,77.73,65.04,0,2,57.5,80.6,53.6,72.4,0,3,2,1
9.1,68.67,81.51,1,0,65.4,68.5,51.8,31.6,1,1,0,0
6.95,73.57,83.58,1,2,84.8,66.8,49.9,43.9,2,1,0,1
6.45,69.15,72.65,3,1,52.7,69.7,59.6,88.6,0,0,0,0
6.31,76.27,75.38,1,2,96.6,63.6,19.5,15.7,2,3,1,0
6.38,95.12,60.51,0,2,95.9,65.1,41.3,57.5,0,1,2,1
7.12,64.28,72.0,1,1,57.6,56.2,49.3,81.1,0,3,1,1
7.54,61.86,74.5,1,6,49.6,53.7,80.5,58.3,0,2,1,1
7.48,92.71,100.0,1,0,72.6,50.0,46.2,52.7,0,2,1,1
8.03,75.91,63.88,3,4,53.7,44.1,63.1,62.3,1,0,2,1
7.21,71.31,89.64,0,5,39.2,51.8,63.9,53.6,3,1,3,0
8.65,88.4,84.97,1,6,83.1,62.4,82.1,60.6,0,1,0,1
6.94,71.94,77.81,2,0,81.9,66.5,81.5,47.7,0,0,0,1
9.92,96.26,92.59,1,4,62.8,60.9,59.0,80.0,0,5,2,1
7.83,84.78,78.72,1,3,37.3,29.7,51.9,85.6,1,0,1,1
6.34,73.12,78.89,1,1,37.9,88.6,48.7,57.6,4,4,1,0
6.13,99.57,74.47,3,5,61.9,81.3,55.9,35.0,1,0,1,1
7.68,71.94,87.24,2,2,51.0,71.7,52.6,50.6,1,0,0,1
6.98,85.42,85.96,4,4,53.9,93.6,69.4,56.7,1,0,0,1
7.91,80.99,68.74,2,0,78.4,50.3,67.1,69.1,0,0,1,1
7.67,91.02,61.81,1,4,73.2,93.3,70.1,41.9,1,1,2,1
7.13,93.62,72.97,2,2,84.8,50.5,81.4,46.2,1,0,1,1
6.35,78.32,67.0,1,0,42.2,68.6,91.7,69.2,1,1,3,1
,70.47,74.36,2,5,,,,76.9,3,1,0,1
,82.6,87.37,0,1,,,,48.8,2,2,0,1
8.06,71.22,70.43,2,3,68.1,70.8,54.0,36.0,2,0,1,1
7.41,98.13,74.57,3,4,87.6,62.7,80.1,100.0,3,3,2,1
5.95,79.37,75.58,2,0,67.6,75.7,78.0,74.1,5,3,1,0
7.37,74.35,83.48,1,1,93.3,66.5,77.1,55.2,1,3,0,1
7.59,79.85,52.53,1,3,69.7,57.2,61.6,75.6,0,1,0,1
6.32,64.53,68.93,0,0,79.1,56.5,48.6,57.8,0,0,1,0
7.35,68.28,77.11,0,2,54.2,77.2,36.3,75.6,2,1,1,0
7.26,90.0,87.0,0,3,60.3,55.2,59.3,62.9,0,2,1,0
6.06,71.43,70.08,1,3,76.4,78.7,86.1,61.6,0,2,1,1
7.56,67.53,56.23,2,2,89.0,83.3,54.7,58.0,0,1,0,1
7.76,83.37,81.2,0,2,73.1,40.0,73.3,33.9,1,1,1,0
8.28,89.86,68.65,2,4,58.5,82.0,74.3,94.9,0,1,1,1
8.25,85.19,63.1,3,4,84.8,95.9,55.2,43.1,0,3,0,1
5.82,87.96,68.76,1,1,20.5,68.8,82.4,35.5,0,1,0,0
6.26,70.43,73.15,1,3,34.4,74.0,10.6,56.2,1,1,2,0
7.72,63.78,68.95,0,2,72.3,80.6,39.2,42.7,0,1,3,1
7.71,93.01,52.94,2,4,60.3,60.9,44.4,59.1,0,2,0,1
7.72,74.77,83.97,2,0,70.9,67.7,46.1,72.4,1,0,1,1
10.0,75.49,87.75,1,1,61.2,45.3,65.7,77.9,1,2,0,1
7.77,91.28,81.52,2,4,70.3,67.1,64.9,74.7,0,4,1,1
8.34,83.56,63.62,1,2,45.3,72.5,66.7,54.5,1,1,0,1
8.15,82.56,72.99,2,3,70.3,72.7,70.1,60.9,0,2,0,1
7.85,99.65,74.93,0,2,77.9,81.0,43.8,67.3,2,1,1,1
6.88,71.56,80.99,0,1,82.0,53.4,39.3,28.4,0,0,2,1
7.96,87.28,81.68,0,2,96.2,57.0,66.7,70.3,0,5,0,1
6.43,78.57,67.66,0,1,64.4,93.4,49.3,33.8,2,0,0,0
6.96,80.69,75.82,2,3,64.9,62.7,33.3,96.7,1,0,1,0
6.71,93.28,79.57,2,1,32.6,68.0,76.5,52.7,0,2,1,1
7.28,83.08,89.56,2,1,50.4,64.0,83.7,56.7,0,3,1,1
9.51,83.38,82.05,0,2,56.5,52.7,86.5,46.1,2,2,1,1
5.33,88.73,82.89,1,4,78.9,89.4,63.2,48.7,2,1,0,1
7.89,74.35,75.84,0,5,49.0,57.1,70.6,100.0,0,0,2,1
5.59,69.61,89.1,1,1,74.3,48.1,83.3,76.9,1,1,1,1
6.73,67.55,79.1,1,2,60.0,58.2,49.1,32.1,0,2,0,1
8.29,58.34,66.39,1,2,56.8,35.0,78.9,87.1,0,2,0,1
7.26,98.56,89.03,4,4,64.5,55.2,64.7,81.5,0,1,1,1
6.12,66.97,81.98,0,1,53.0,50.5,75.5,54.9,0,3,1,0
,75.79,70.57,2,5,,,,65.5,0,1,0,1
7.88,75.23,70.21,1,0,29.3,54.9,82.0,59.7,0,1,0,1
6.47,81.07,77.97,1,3,55.5,78.3,63.8,95.5,0,0,1,1
7.42,86.16,79.63,0,3,51.4,86.0,34.8,45.7,0,3,0,1
7.25,86.6,76.97,1,1,50.7,76.7,84.7,62.6,0,6,0,1
6.55,72.17,78.11,0,0,67.5,61.8,43.9,52.3,0,4,1,1
9.34,76.33,92.0,1,1,71.9,67.1,81.3,34.2,2,2,4,1
7.83,80.83,85.72,1,3,64.2,42.1,58.5,99.4,0,1,3,1
5.17,75.51,76.91,1,2,77.9,63.0,80.0,38.7,1,0,3,0
7.39,94.07,84.41,3,1,70.4,52.1,79.3,64.0,0,0,0,1
6.54,82.91,64.67,1,5,54.7,75.4,67.3,28.7,0,2,2,1
,85.35,78.98,1,1,,,,52.8,1,4,1,1
6.41,84.63,93.09,1,0,65.6,72.5,67.2,67.6,4,1,0,0
7.09,89.73,72.82,2,3,70.3,35.1,25.8,45.2,0,2,0,1
7.7,79.81,66.52,0,2,85.2,59.6,62.0,70.6,0,1,0,1
8.07,65.03,68.48,2,2,81.4,66.8,41.0,55.2,1,2,0,1
6.0,82.0,64.1,0,4,50.3,66.3,62.9,80.9,4,0,0,0
6.87,71.49,67.15,1,3,58.2,54.0,40.6,84.5,5,0,0,0
6.73,72.71,71.29,0,2,72.1,68.7,39.9,49.4,0,3,2,1
6.55,83.86,60.94,0,1,79.2,46.4,87.3,61.4,0,0,0,0
8.97,90.38,75.16,1,3,76.9,50.8,78.2,63.3,1,2,0,1
7.6,78.21,84.02,0,4,58.9,74.7,59.9,71.1,1,2,2,1
5.94,81.09,65.92,2,0,37.4,49.8,63.1,60.3,1,1,0,0
8.12,95.02,90.19,1,2,42.0,73.1,55.8,63.4,3,2,2,1
9.32,80.41,80.11,0,1,64.9,44.5,69.7,55.6,1,0,2,1
8.23,100.0,85.31,0,3,66.2,91.5,48.5,62.1,0,3,0,1
5.68,83.66,68.42,1,5,40.2,53.4,76.9,83.4,0,5,1,1
6.72,60.39,83.55,0,4,60.8,61.6,55.7,71.6,1,3,1,1
8.47,85.53,64.08,2,1,71.4,70.0,52.9,72.6,0,1,1,1
6.49,81.81,83.9,1,3,39.3,56.5,60.4,73.0,0,0,0,1
7.64,90.9,76.72,1,3,79.9,67.2,50.0,57.2,0,2,0,1
7.97,84.73,80.53,1,2,53.2,73.6,65.6,65.7,0,0,1,1
6.27,76.62,63.24,0,3,82.6,79.4,50.9,40.5,0,0,0,1
7.14,65.76,66.05,0,1,50.4,76.9,68.0,82.8,2,2,1,1
4.0,75.91,80.97,1,4,41.5,62.4,80.7,9.9,0,0,0,0
6.18,69.49,65.52,4,0,51.8,62.8,47.8,58.4,0,2,0,0
6.95,72.19,79.63,0,2,58.3,100.0,57.8,80.5,0,3,1,1
5.95,83.89,61.33,1,2,53.0,79.2,67.8,35.5,0,1,1,0
8.83,94.7,83.48,2,1,56.1,51.2,52.6,67.2,4,1,0,1
5.77,81.95,62.67,0,4,66.0,66.5,67.9,47.7,2,3,2,0
6.76,66.04,80.52,1,2,56.9,60.0,69.4,53.4,0,1,0,0
7.33,82.45,81.26,2,4,58.8,63.0,78.4,77.0,1,4,1,1
8.64,89.97,68.03,1,2,29.2,46.6,49.7,63.6,0,1,1,1
5.76,71.9,80.82,1,5,67.1,58.8,44.0,23.4,5,7,0,0
8.36,76.66,77.6,1,2,58.4,92.2,54.8,42.4,0,2,2,1
7.21,78.15,69.61,0,1,89.0,73.7,43.5,77.6,0,4,0,0
6.22,70.15,64.91,0,1,43.1,27.6,69.6,68.1,1,2,0,0
7.66,84.48,55.37,2,2,27.5,83.3,40.3,91.5,2,0,2,0
7.4,76.79,78.5,0,2,71.1,81.3,99.7,90.3,0,4,0,1
6.6,82.2,59.35,3,4,66.2,59.6,82.0,53.8,1,1,0,0
7.27,69.13,75.95,2,1,41.8,75.8,60.2,100.0,0,1,0,1
6.81,73.63,72.37,3,3,32.5,52.1,74.7,60.4,3,5,0,1
7.31,85.22,81.79,0,4,87.7,57.9,32.2,42.7,0,0,1,1
7.86,74.27,71.98,0,5,85.5,87.5,100.0,48.6,3,1,0,1
8.79,95.27,71.71,0,2,15.2,60.9,50.0,19.4,0,0,1,1
,74.0,82.32,3,4,,,,88.9,0,1,0,1
9.33,80.25,78.35,0,2,90.0,64.1,28.4,88.7,4,1,0,1
5.25,87.33,78.16,2,2,51.4,63.8,68.3,41.7,5,5,0,0
7.05,63.82,79.69,1,3,51.2,83.0,41.2,55.9,1,2,2,1
7.79,60.39,59.64,0,2,54.9,65.2,61.7,61.7,0,4,0,1
7.48,62.74,82.57,1,1,39.8,58.7,50.7,42.7,0,1,0,0
6.58,90.63,81.12,1,2,29.3,80.7,41.7,28.4,0,3,1,1
6.99,72.48,64.83,0,4,78.9,66.8,46.3,56.2,0,0,1,0
6.71,100.0,72.56,0,1,26.8,53.7,63.8,54.2,1,0,0,0
6.61,72.36,74.61,1,3,64.5,82.3,38.2,53.0,0,3,3,1
8.05,79.85,73.66,1,3,76.0,67.9,47.3,64.0,1,2,3,1
7.56,93.42,78.34,0,2,33.9,65.0,71.3,85.7,1,0,1,1
6.51,98.06,89.31,2,3,43.4,67.7,100.0,54.5,0,3,1,1
8.1,98.62,85.82,0,4,81.8,48.9,68.1,63.1,1,2,2,1
7.51,90.08,61.88,2,2,69.6,57.1,44.4,73.1,1,2,1,1
8.01,88.24,81.22,1,1,48.9,65.1,53.8,70.0,1,2,0,1
7.83,83.93,88.29,4,1,81.6,62.1,60.5,48.9,0,3,0,1
6.37,85.78,78.87,1,3,81.7,84.1,54.1,61.7,1,1,0,1
6.64,72.49,85.91,0,7,64.8,68.3,75.4,69.9,0,1,1,1
7.95,69.82,95.12,3,2,43.8,77.8,63.7,39.7,0,4,3,1
7.81,77.97,85.24,2,3,52.6,65.1,75.4,82.7,2,1,0,1
7.18,76.3,77.49,1,3,65.2,80.8,54.7,85.8,1,3,1,1
7.32,73.47,85.45,0,5,56.6,71.0,82.5,47.0,0,4,3,1
,84.96,76.45,4,3,,,,63.5,1,1,2,1
6.61,87.55,75.24,2,2,32.5,64.8,43.5,71.6,4,2,0,0
7.75,78.88,71.49,0,1,33.1,50.7,97.0,50.2,0,2,1,0
7.0,92.78,90.63,1,2,63.3,72.6,29.0,68.7,2,0,1,0
6.98,66.58,66.82,0,3,51.2,64.4,47.4,62.9,1,1,0,0
8.3,76.06,90.32,1,5,48.7,57.5,49.3,33.6,2,1,0,0
8.03,70.83,80.0,1,3,28.2,81.6,100.0,68.3,0,0,1,1
8.01,59.33,61.01,1,2,60.4,46.2,90.7,40.2,0,1,0,1
,77.17,78.68,0,2,,,,76.9,3,2,2,0
7.22,76.78,54.0,0,3,71.8,80.4,54.4,47.9,0,1,0,0
7.88,93.13,81.26,1,2,61.2,69.7,100.0,57.1,0,4,0,1
6.89,84.31,83.85,1,4,57.6,64.3,66.3,84.7,1,2,1,0
7.52,67.76,69.08,0,3,81.2,68.8,76.6,68.9,0,1,2,1
7.07,96.54,76.24,2,2,36.4,67.7,63.1,40.6,2,2,0,0
7.3,90.21,94.54,2,1,69.7,42.3,59.2,41.7,1,1,2,1
,83.82,69.94,1,2,,,,49.2,3,2,3,0
6.38,75.74,64.41,1,4,44.9,89.2,56.4,67.1,2,0,2,1
9.29,68.41,89.82,2,1,38.2,55.1,70.3,66.4,0,3,1,1
6.19,74.28,94.63,2,1,74.1,60.2,66.2,44.8,0,0,1,1
5.99,88.89,75.04,2,1,58.8,56.9,59.5,39.0,2,0,3,0
8.36,96.85,85.11,3,1,59.8,63.7,85.7,65.1,0,1,1,1
7.99,93.43,88.41,1,2,40.1,56.3,9.6,56.7,4,2,0,1
7.82,73.11,67.58,2,3,54.6,72.3,68.7,98.8,1,1,1,1
7.83,66.8,70.15,2,3,46.3,68.0,72.2,60.7,0,2,0,1
7.19,79.41,87.31,1,2,66.9,76.6,79.5,92.7,3,1,0,1
6.3,60.32,91.85,1,2,42.2,49.2,58.9,38.9,0,0,0,0
7.28,81.23,80.63,2,1,83.9,59.9,63.5,31.7,0,0,2,1
6.52,76.52,66.2,2,3,29.8,61.6,76.8,39.8,1,1,1,0
8.18,73.34,94.87,2,1,45.5,71.8,85.3,81.4,2,2,1,1
,62.05,69.69,0,1,,,,91.6,0,2,1,1
6.37,83.14,71.65,0,2,52.2,78.7,64.5,45.9,0,2,0,0
6.88,72.67,78.42,0,3,36.3,82.8,88.5,51.7,0,1,1,1
7.61,66.3,90.54,2,2,63.9,50.2,23.9,39.0,0,1,2,1
6.64,49.28,83.54,0,2,51.4,57.6,48.3,27.4,0,1,1,1
6.38,77.72,79.15,0,3,45.0,57.0,84.9,72.9,0,0,2,0
7.44,95.72,79.63,1,1,40.3,100.0,78.6,64.0,1,0,1,1
7.44,94.61,75.44,2,2,100.0,58.6,68.9,60.2,3,0,1,0
6.69,73.43,80.58,2,2,55.5,90.2,52.4,34.8,0,2,2,1
6.73,71.98,49.7,1,4,25.3,46.0,45.0,89.5,0,0,1,0
7.43,82.69,72.03,0,2,86.9,50.2,49.9,50.9,2,2,1,1
5.75,68.02,77.41,1,3,71.0,54.7,86.3,69.6,1,2,1,1
5.79,81.02,63.49,0,5,46.2,52.3,49.3,33.8,3,1,2,0
6.48,85.66,78.86,0,3,43.2,61.0,61.7,56.6,0,4,0,0
6.99,90.27,72.96,0,3,72.1,54.4,47.2,65.2,0,1,4,1
7.51,77.0,92.55,1,2,55.6,52.7,74.3,65.9,0,3,2,1
8.68,75.96,90.73,1,1,25.3,82.4,50.8,62.8,1,2,0,0
8.06,69.22,70.34,1,4,92.2,83.4,58.3,68.9,0,1,1,1
7.04,69.73,73.49,1,1,52.2,79.2,31.4,39.7,1,5,0,1
7.18,75.74,74.26,2,4,86.9,72.9,32.6,63.6,0,5,0,1
6.2,81.67,70.48,1,1,83.0,66.4,60.1,62.0,0,0,0,1
7.18,87.14,76.95,2,4,42.0,57.5,37.5,64.2,1,3,0,0
6.91,69.97,67.42,1,2,78.6,50.7,95.8,61.3,0,2,0,1
7.52,92.93,63.69,3,0,48.3,70.4,25.0,37.1,1,1,1,0
6.37,75.29,81.23,0,3,26.4,47.4,46.4,36.3,0,3,4,0
7.72,77.79,81.3,1,3,52.4,50.1,60.3,20.1,0,2,0,1
8.73,70.53,66.96,1,1,67.2,82.3,53.8,74.7,0,2,0,1
7.09,53.76,83.95,0,4,51.7,93.5,41.2,74.9,0,1,1,1
7.6,86.84,68.68,2,0,54.5,70.9,43.7,75.2,0,2,2,1
7.89,85.37,77.53,1,1,80.6,81.6,43.2,65.5,1,0,2,1
6.8,75.19,83.2,0,2,61.9,61.3,55.1,21.6,2,1,1,0
7.42,78.67,74.66,1,2,44.8,44.9,93.2,41.5,0,3,2,1
7.21,83.16,79.55,0,2,72.6,74.2,61.3,63.1,0,1,2,1
7.3,62.37,69.84,0,4,63.6,73.5,80.1,62.4,5,3,2,0
6.43,72.71,73.04,0,2,14.6,66.1,68.6,56.0,0,1,0,1
7.22,85.94,72.94,0,0,67.7,61.4,78.9,66.6,0,2,2,1
7.7,65.46,67.53,2,3,67.1,79.4,12.4,60.2,0,0,0,1
8.65,80.94,73.23,2,4,60.4,50.2,54.8,62.2,1,0,0,1
8.16,64.43,59.51,2,4,76.1,53.4,82.2,48.5,0,0,1,1
9.35,82.66,70.09,0,3,47.9,49.9,50.3,77.7,1,2,0,1
6.43,77.64,72.15,2,4,66.1,66.3,90.0,52.2,0,1,1,1
8.07,61.85,72.44,0,3,31.8,48.7,85.2,36.0,0,4,1,1
7.38,89.65,72.59,1,3,67.3,54.7,52.0,46.1,0,1,0,1
9.39,70.65,74.38,2,2,95.2,54.4,51.4,53.7,1,1,1,1
6.39,69.9,79.79,1,2,42.1,61.1,42.8,77.9,1,1,0,1
6.36,80.01,83.75,1,2,46.3,42.7,49.3,59.2,0,3,1,1
6.6,89.49,68.5,3,4,47.2,66.3,39.0,56.6,0,0,1,1
5.08,67.84,62.97,0,1,62.3,83.7,67.3,37.5,1,5,2,0
6.67,78.62,64.58,2,3,40.9,67.0,35.2,74.1,2,0,0,0
6.44,82.29,70.13,2,1,67.6,88.1,70.3,48.3,0,0,1,1
7.35,84.93,71.48,1,3,75.2,85.0,70.7,58.2,1,0,0,1
7.54,79.76,67.3,1,3,69.6,76.7,31.8,86.6,0,1,0,1
9.08,74.33,62.04,2,3,28.2,66.1,86.3,69.2,0,3,1,1
8.15,69.72,70.44,2,1,77.9,65.3,68.7,30.7,0,0,0,1
6.62,78.86,76.81,1,8,76.9,76.5,72.7,28.1,2,0,1,1
6.3,67.28,80.95,0,4,74.9,59.1,47.1,58.8,0,3,0,1
7.69,48.79,69.43,1,0,66.7,36.8,70.6,38.2,2,3,3,0
5.88,82.37,70.87,0,2,64.0,72.4,79.1,71.7,1,0,2,1
9.03,87.04,65.73,1,3,78.6,48.0,58.3,60.8,2,0,1,1
8.38,54.37,74.69,2,1,94.6,50.6,94.0,63.0,0,0,2,1
6.73,67.9,66.52,1,3,42.8,65.0,60.7,47.3,0,2,0,1
5.49,84.19,80.73,2,2,79.4,63.6,79.4,91.3,4,1,0,0
8.55,98.57,57.14,1,0,58.4,43.8,65.0,100.0,1,4,1,1
7.09,78.21,71.4,0,1,57.7,67.5,70.0,55.0,2,1,1,1
8.44,70.72,78.01,1,2,32.3,79.5,31.6,66.4,0,1,1,1
5.61,76.17,76.84,1,1,54.9,48.1,66.3,61.8,0,3,0,1
6.6,91.75,100.0,2,1,42.0,84.1,47.5,55.3,1,0,0,0
7.21,71.54,78.5,1,4,51.7,41.6,45.6,45.0,0,2,0,1
7.25,70.01,64.96,2,2,40.2,96.8,89.6,40.5,1,1,3,1
6.75,73.17,74.05,2,2,51.9,58.8,56.4,39.6,0,0,2,1
7.82,68.47,57.24,1,2,52.7,67.2,42.9,67.3,0,1,0,1
6.13,79.23,74.19,0,2,61.7,36.6,53.9,50.6,0,1,2,1
7.06,94.25,66.67,1,1,30.9,64.1,37.9,13.6,0,2,0,0
7.32,81.23,84.15,0,3,34.0,68.4,84.4,68.0,0,1,3,1
7.71,75.48,69.5,1,3,66.5,63.7,48.2,59.3,1,2,0,1
7.91,75.08,73.83,0,5,45.6,56.6,69.0,84.2,0,1,0,1
6.08,62.37,68.64,0,2,79.3,50.8,83.1,66.7,0,1,2,0
5.67,86.83,92.39,2,0,64.1,82.0,51.5,33.4,3,2,0,0
8.48,77.22,71.79,2,1,70.9,65.5,69.0,19.9,0,4,3,1
7.53,76.2,93.33,2,1,85.4,88.1,42.5,47.0,0,0,2,1
6.45,100.0,83.14,0,2,54.4,57.1,100.0,48.7,1,2,1,1
8.75,80.99,79.82,1,3,49.7,58.5,75.9,77.0,3,1,2,1
7.32,70.48,78.69,2,5,75.7,77.2,56.7,59.8,0,0,1,1
8.38,73.74,78.94,1,2,69.2,40.7,46.9,80.4,0,4,2,1
7.27,89.48,55.72,2,2,56.6,46.8,58.1,36.2,1,0,1,1
9.26,79.13,72.21,0,5,85.0,81.5,54.2,77.4,0,2,0,1
8.96,63.62,83.45,1,2,56.2,47.4,93.2,73.0,2,0,0,1
6.95,87.19,74.51,0,2,60.6,37.7,39.2,23.7,4,2,1,0
8.17,71.32,60.95,1,1,60.4,93.0,62.3,83.8,4,2,1,1
7.85,96.73,74.48,1,3,43.2,44.1,59.7,61.7,0,2,1,1
8.57,88.8,92.04,0,4,61.4,67.8,58.0,67.1,0,2,1,1
6.24,73.53,87.47,0,5,85.1,66.0,58.2,44.4,4,0,4,0
7.89,90.81,74.38,0,1,68.0,22.8,58.0,83.0,0,0,0,1
8.26,78.68,84.51,1,1,60.6,61.0,74.8,38.7,0,2,2,1
5.44,86.53,71.33,0,5,57.1,71.7,70.4,75.0,1,2,4,1
6.02,82.85,57.96,1,3,66.0,70.3,67.1,74.8,0,2,0,1
5.16,69.54,65.76,3,2,73.5,78.6,8.4,42.5,0,1,0,1
6.93,71.56,90.63,0,5,71.0,59.2,65.1,95.7,3,2,0,0
7.92,88.3,72.26,0,3,54.0,75.7,31.9,64.2,0,1,1,1
8.7,74.65,72.57,0,2,65.8,54.7,71.0,71.8,0,1,1,1
7.27,73.96,72.0,3,3,68.6,43.8,85.1,32.5,0,0,1,1
8.83,68.45,94.04,1,0,41.9,45.5,44.3,98.1,1,1,0,1
5.82,82.24,91.26,0,3,63.0,43.1,55.5,38.0,0,1,0,0
5.5,98.63,97.19,0,7,21.1,80.1,49.8,78.4,0,0,0,1
7.14,67.32,73.41,1,2,68.7,42.3,81.0,42.1,1,2,2,0
7.58,78.24,77.96,1,1,71.9,69.1,61.6,48.9,2,1,1,1
7.17,92.12,59.83,2,1,73.5,61.0,89.4,74.2,0,1,1,1
5.13,77.2,89.77,1,2,52.9,63.5,67.0,78.5,2,1,1,0
7.11,82.52,63.32,1,0,65.6,85.5,64.1,37.1,0,0,0,1
5.9,67.38,77.17,2,3,85.6,58.4,61.2,79.6,1,0,0,0
7.87,82.28,64.03,3,4,85.4,74.2,73.9,78.8,0,3,0,1
7.57,76.13,69.11,2,2,59.5,65.6,30.5,43.1,0,1,1,1
6.26,87.86,66.63,1,4,62.5,62.7,61.5,88.8,1,1,2,1
6.69,89.87,68.92,2,3,80.0,99.5,58.8,33.8,0,3,1,1
6.14,100.0,69.61,1,3,33.0,43.4,72.3,48.8,0,1,2,1
7.14,83.8,69.52,0,2,54.2,84.3,56.8,68.6,0,2,2,1
8.16,81.26,83.33,0,5,84.0,74.8,42.3,44.6,1,6,2,1
6.21,79.94,63.95,1,3,77.6,57.8,60.1,64.7,0,0,1,1
7.7,74.47,77.21,0,0,66.6,89.4,41.6,64.3,0,3,1,1
6.67,81.38,87.18,1,2,32.9,37.3,27.3,56.6,0,2,3,0
6.41,75.05,69.87,0,2,59.1,57.2,72.4,75.0,0,3,1,1
7.09,79.68,67.82,1,3,49.4,46.9,69.8,55.9,0,1,0,1
6.16,91.18,72.69,3,3,66.0,71.2,67.9,64.2,0,1,0,1
6.65,67.93,86.8,3,3,45.4,48.3,82.1,80.6,0,4,1,1
6.0,89.4,76.94,2,4,41.5,71.5,48.7,74.2,0,3,2,0
9.16,91.17,69.69,1,1,22.8,62.2,35.7,74.1,2,1,1,1
7.24,76.82,79.84,1,3,82.0,57.8,58.8,39.3,1,1,1,0
6.5,56.78,63.98,1,2,52.8,70.8,54.1,69.4,2,1,2,0
7.41,71.92,81.81,1,2,62.8,61.0,45.7,44.2,0,0,1,1
7.09,90.97,79.09,1,3,60.0,48.7,58.6,36.9,4,2,0,0
6.98,77.77,71.92,2,2,40.8,100.0,49.6,58.7,0,0,0,1
7.81,68.01,66.61,0,1,37.3,57.7,28.8,43.7,5,2,0,0
7.96,72.95,66.13,0,4,41.9,31.7,52.5,74.2,0,2,0,1
6.67,86.41,80.35,2,3,47.0,52.4,40.7,74.7,0,3,0,1
6.62,83.47,87.29,0,2,66.6,46.0,63.9,25.8,0,3,2,1
6.92,75.61,68.63,3,1,45.7,77.4,48.8,45.1,0,2,0,1
4.9,74.33,79.58,0,2,91.4,69.8,78.9,33.7,2,2,0,1
5.68,74.08,54.13,0,0,78.5,71.0,87.3,51.7,1,2,0,1
8.57,68.78,69.15,0,3,74.6,59.4,71.5,68.2,5,3,1,1
8.84,94.15,74.69,0,2,57.8,60.8,33.6,55.6,1,3,1,0
6.95,74.78,65.9,0,1,87.3,59.4,85.6,49.4,0,2,1,1
7.78,90.17,65.63,0,2,56.1,63.8,86.8,83.4,0,3,1,1
7.51,93.21,68.32,2,0,59.4,77.5,60.3,18.5,5,1,1,0
10.0,87.98,77.92,2,5,63.1,70.0,82.5,82.3,1,3,0,1
8.32,73.68,73.13,1,3,72.6,72.5,50.6,50.2,1,2,0,1
,82.04,52.62,1,3,,,,58.6,0,0,3,1
6.24,77.76,53.79,1,0,51.4,78.3,47.1,50.5,0,1,0,0
5.59,68.96,68.93,0,4,50.4,69.3,89.4,87.8,4,0,1,0
7.4,81.24,79.58,1,6,71.5,70.4,34.7,37.8,0,6,3,1
6.44,66.21,47.52,4,2,72.9,82.8,60.0,60.2,0,0,2,1
5.78,89.88,70.0,3,3,52.9,55.0,60.6,69.5,0,0,2,1
6.55,73.35,69.74,3,2,31.4,52.2,51.3,31.0,2,0,3,0
6.12,80.01,88.88,0,3,56.3,47.2,52.5,43.4,0,1,1,0
8.89,80.83,71.15,1,2,71.2,67.7,61.2,57.3,0,1,1,1
8.08,75.41,78.83,1,1,92.5,37.2,50.4,44.0,0,1,1,1
7.19,83.87,76.41,0,3,38.4,71.9,35.8,45.3,0,1,1,1
8.68,73.25,53.69,1,2,52.3,63.4,63.7,53.7,0,5,1,1
7.28,86.71,82.68,2,1,53.0,82.0,78.2,71.7,0,3,0,1
6.34,64.54,77.15,1,1,84.4,54.9,74.8,53.8,4,2,1,0
8.72,79.26,80.08,2,1,59.4,62.0,46.2,79.4,4,1,0,0
7.74,97.39,100.0,1,3,43.7,81.8,38.7,42.0,0,1,0,1
6.16,68.0,54.16,2,1,70.1,85.7,55.2,37.5,1,1,1,0
7.01,71.22,92.25,0,1,52.7,54.8,86.7,94.7,1,0,0,1
6.32,83.14,72.13,0,3,38.0,67.7,71.0,48.2,0,1,1,1
5.82,79.8,77.87,1,2,43.9,69.4,72.0,36.4,0,0,4,1
8.13,81.51,74.54,3,1,91.2,70.6,75.1,28.6,0,3,0,1
9.11,82.89,70.76,1,1,66.9,61.1,67.2,79.4,0,4,1,1
5.8,84.35,69.3,2,3,61.9,84.2,62.1,53.9,0,1,0,1
7.76,89.1,78.3,2,3,55.5,36.7,71.3,55.4,2,0,0,1
6.55,82.1,59.83,0,2,65.3,58.7,50.7,57.1,0,1,1,1
6.71,75.59,82.51,1,4,65.0,71.7,36.0,78.2,1,0,0,1
6.61,84.73,70.84,0,1,65.3,71.9,72.3,56.8,0,1,0,1
6.34,97.0,63.7,3,1,62.1,85.3,81.0,100.0,0,2,1,1
7.25,76.67,70.5,2,2,75.6,83.0,41.0,62.4,0,0,1,1
6.37,68.25,87.57,1,1,60.4,60.7,74.0,79.1,0,0,1,1
7.47,89.07,69.65,2,1,42.4,84.5,88.6,74.5,2,0,0,1
7.15,76.8,78.58,0,3,49.0,54.3,60.0,59.3,2,0,1,0
6.96,56.27,67.69,0,5,24.4,79.0,46.1,49.4,0,0,2,1
6.29,86.47,82.58,0,1,96.5,92.2,62.1,66.0,1,1,0,1
6.62,72.65,81.86,2,3,75.5,83.2,50.6,69.2,4,4,0,1
7.96,77.09,93.49,0,4,45.1,66.6,49.5,49.7,1,2,0,0
7.7,81.32,73.24,2,2,54.9,60.0,67.4,63.0,0,2,2,1
6.22,79.9,81.69,1,0,48.5,42.1,32.7,82.3,1,3,2,0
7.3,85.09,75.98,0,3,87.8,69.7,35.5,97.3,0,2,0,1
7.95,73.65,87.96,0,2,34.4,48.3,60.3,75.4,3,2,2,0
5.53,83.13,67.81,2,4,62.1,53.1,59.6,93.5,0,3,0,1
7.74,75.4,82.45,2,3,58.0,47.1,65.8,48.7,0,1,2,1
6.54,85.39,73.05,1,4,74.9,58.1,91.9,72.6,0,1,1,1
7.77,84.15,74.36,0,4,58.1,64.6,61.8,84.1,0,2,1,1
6.44,68.65,75.92,4,2,28.4,69.1,70.2,43.9,3,0,0,0
5.4,88.86,77.52,0,2,55.5,56.0,43.4,51.3,0,0,3,0
5.57,72.64,73.84,2,1,42.5,81.0,73.1,91.3,0,3,1,1
7.25,86.08,77.15,3,5,61.4,61.9,51.1,42.4,3,1,0,1
7.46,81.67,90.78,2,0,85.8,53.2,61.2,35.9,0,0,1,1
6.3,96.38,84.85,1,4,28.7,68.4,58.1,87.5,0,2,0,1
7.84,75.77,83.69,1,3,45.6,94.5,77.6,81.5,1,3,0,1
5.54,74.51,70.44,1,2,50.1,70.0,37.7,67.8,0,4,1,0
7.13,77.81,66.11,1,2,53.1,59.6,21.2,59.2,0,1,5,1
5.99,74.97,84.55,0,2,73.3,42.1,56.4,52.1,0,2,1,1
6.55,86.0,83.76,2,5,56.9,61.7,68.0,65.1,1,0,1,1
7.25,61.84,89.73,0,1,67.5,68.5,62.6,88.4,3,1,3,0
6.34,67.46,68.96,3,3,48.7,59.2,80.9,64.3,0,2,0,1
,67.32,72.7,1,1,,,,99.0,0,5,1,0
8.21,87.5,58.61,0,1,74.0,52.2,50.4,43.8,0,1,0,1
6.62,95.11,71.08,2,6,46.8,86.8,20.5,59.6,2,2,0,1
8.04,76.96,84.97,0,7,74.1,86.5,56.0,53.3,0,2,0,1
6.07,76.31,70.34,1,1,60.9,51.7,77.5,40.5,3,3,3,0
7.73,78.7,81.4,1,4,78.8,75.1,53.3,57.2,0,3,0,1
8.64,89.62,73.09,0,0,56.4,47.3,60.5,67.5,4,3,0,0
4.73,68.73,78.24,1,2,66.9,86.1,67.2,69.4,1,1,0,1
6.4,80.38,63.52,0,2,59.3,68.7,42.7,99.1,1,0,0,0
7.78,87.75,75.85,1,2,58.3,79.2,70.6,68.4,0,1,0,1
7.0,83.01,45.09,1,1,64.7,39.3,87.8,80.7,2,2,1,0
7.57,79.9,73.13,2,3,69.7,75.2,57.1,61.2,0,2,1,1
6.6,88.01,58.7,3,3,37.5,64.9,40.8,90.2,0,1,2,1
7.29,50.97,87.06,0,4,85.8,77.8,58.9,100.0,0,1,0,1
7.04,84.78,82.77,0,4,26.5,78.7,22.2,69.6,2,0,0,0
8.37,71.46,79.67,0,1,47.7,66.0,65.7,42.1,2,1,0,1
7.45,59.69,90.21,0,2,58.3,56.0,67.7,50.1,0,4,1,0
7.54,83.11,65.51,0,4,67.4,76.7,88.5,65.1,1,1,1,1
6.79,91.74,92.47,0,2,88.4,64.1,56.7,68.2,0,1,1,1
6.71,76.63,84.32,2,5,26.6,51.9,66.9,72.6,2,1,1,1
6.77,87.53,72.63,0,1,50.9,51.2,45.4,68.3,2,0,0,0
7.59,94.12,86.36,1,1,21.7,42.8,53.9,60.1,1,0,2,1
6.78,91.15,63.94,0,2,60.6,57.3,34.1,48.5,0,0,1,0
7.49,94.4,66.75,0,4,64.9,81.5,56.7,67.2,4,0,1,0
9.28,85.42,68.91,2,2,88.6,67.7,54.8,93.4,3,1,1,1
8.07,78.75,69.71,2,5,62.2,57.1,65.1,78.4,1,2,0,1
6.87,61.98,64.43,2,1,78.8,77.1,49.4,69.6,0,2,0,1
8.4,75.54,87.23,0,2,70.5,52.5,61.4,78.5,1,1,5,1
6.79,69.57,72.41,2,2,52.2,66.4,54.3,53.3,1,0,2,1
5.16,99.71,78.53,2,6,34.6,62.3,54.4,50.9,0,2,2,1
6.19,76.24,69.3,4,3,65.0,76.7,61.4,46.5,0,0,3,1
,79.23,56.79,0,2,,,,57.7,0,2,0,0
6.85,83.51,77.7,1,0,83.3,52.2,72.9,52.4,1,2,0,0
7.22,78.44,55.88,2,1,57.1,40.4,57.9,81.7,0,2,1,1
8.88,94.95,74.31,1,2,81.5,61.1,54.1,51.4,0,2,1,1
7.53,71.77,61.32,1,3,51.4,83.2,56.9,45.6,2,0,1,0
6.98,79.95,94.87,3,2,64.8,57.4,47.9,95.0,0,3,2,1
8.03,70.58,84.11,2,1,63.8,57.3,53.9,51.9,0,4,0,1
4.99,64.8,76.06,0,4,59.2,78.1,94.5,62.8,0,2,2,1
7.44,71.88,87.64,0,3,52.2,81.0,44.5,68.1,3,1,0,1
7.97,77.63,66.54,3,3,67.1,63.7,55.3,39.5,2,3,0,1
5.72,73.71,80.43,1,2,43.3,75.3,53.4,82.2,0,0,0,0
8.34,71.08,77.0,1,1,38.2,48.8,55.8,71.5,3,2,0,0
7.54,63.94,77.64,0,5,82.4,85.7,54.4,88.1,0,2,0,1
6.78,77.17,87.72,1,0,73.1,97.2,64.7,47.8,4,1,2,0
7.83,62.95,82.32,1,4,61.2,72.8,30.9,61.8,0,1,3,1
9.47,85.6,77.89,1,1,90.0,33.7,77.6,60.7,0,0,0,1
7.38,78.82,58.45,0,5,55.2,56.6,70.8,64.7,0,2,2,1
7.45,63.42,65.4,1,2,83.8,74.2,38.9,33.8,0,2,0,1
6.74,74.91,73.77,2,3,63.2,58.7,21.4,62.0,0,2,1,1
6.35,70.48,75.93,0,5,41.6,84.1,43.4,34.3,2,2,0,0
8.03,81.19,63.7,3,1,93.3,73.8,55.9,66.5,2,1,1,1
6.34,91.4,99.12,1,3,77.8,54.4,100.0,21.7,0,1,2,0
7.27,59.25,90.16,2,1,57.8,65.5,69.2,26.7,0,1,1,1
6.72,79.15,81.02,0,3,73.1,51.6,29.3,74.7,0,3,0,0
7.68,76.4,75.72,0,0,52.7,62.3,48.3,50.2,0,4,1,1
7.53,84.71,72.88,0,4,74.9,56.7,59.1,42.2,1,1,0,0
8.24,80.13,65.48,1,1,17.0,82.6,64.3,82.9,0,1,0,1
6.69,70.48,75.77,0,3,41.6,96.7,37.6,65.9,1,4,1,0
6.93,74.81,77.58,2,2,77.6,43.5,57.7,75.7,0,1,1,1
6.22,70.04,62.58,1,2,55.5,36.2,47.8,57.0,0,1,0,0
6.76,88.76,78.34,2,5,63.7,61.3,41.2,100.0,0,1,2,1
7.58,78.21,73.45,0,7,35.8,42.2,64.4,49.1,0,1,1,1
7.96,97.01,55.92,0,5,93.3,65.7,73.2,91.4,0,2,1,1
6.28,77.39,66.4,0,4,81.4,76.2,74.3,58.9,2,0,3,0
8.07,70.92,70.86,2,4,56.4,87.4,69.8,30.2,0,1,2,1
8.56,62.86,93.88,2,2,52.7,68.0,51.5,68.7,0,2,0,1
7.61,59.97,80.57,1,4,78.5,62.1,72.1,65.7,1,0,1,1
9.08,62.16,61.65,1,3,95.7,35.3,65.3,41.1,0,2,1,1
6.43,80.67,79.86,0,1,77.2,65.4,62.3,43.4,1,2,0,0
5.96,83.09,59.53,1,2,99.1,66.1,49.6,59.6,0,2,1,1
5.42,62.19,85.83,3,6,43.4,74.6,51.6,66.3,0,0,3,1
8.7,86.95,70.29,3,4,45.3,54.4,61.3,15.5,2,1,1,1
7.85,73.17,74.06,2,1,38.6,58.5,100.0,79.0,1,1,1,1
7.14,79.47,88.26,0,2,68.0,42.8,65.1,51.1,0,2,0,1
7.48,94.12,62.13,0,0,63.2,30.6,49.6,36.0,0,1,1,0
6.07,86.97,61.03,0,1,57.3,48.4,45.8,76.9,3,3,0,0
9.65,75.31,69.16,1,3,74.6,41.4,51.6,59.6,0,1,0,1
7.33,69.09,85.38,0,2,82.2,70.1,97.0,81.9,0,4,1,1
7.31,56.48,59.81,1,4,32.5,57.2,53.2,67.9,1,0,2,1
7.93,70.81,46.68,1,3,49.3,56.9,75.4,60.0,1,0,0,0
7.68,75.89,70.49,3,3,74.8,50.2,53.6,57.3,2,1,1,1
7.42,68.13,80.52,1,6,51.6,16.5,64.4,68.7,1,1,0,0
6.41,76.69,87.0,0,2,45.6,87.6,73.5,52.6,1,1,0,1
7.67,78.77,70.37,0,6,78.3,50.0,50.3,44.7,2,5,0,1
9.08,75.75,70.89,1,1,36.8,58.8,49.1,71.0,1,0,0,0
8.55,71.5,86.54,1,4,54.6,43.2,88.2,57.4,0,0,1,1
8.79,79.69,56.3,1,1,65.9,79.6,76.7,60.6,0,1,2,1
6.69,82.42,71.11,1,4,49.7,67.2,73.4,79.6,1,0,0,1
6.21,67.1,76.9,0,4,74.1,52.6,73.4,58.0,3,3,1,1
7.07,92.11,79.49,2,4,49.8,59.1,67.8,60.3,0,2,2,1
7.26,77.01,69.9,0,1,85.4,90.2,94.3,49.2,0,2,0,1
8.29,78.19,75.34,2,4,57.7,63.9,60.7,67.8,3,1,3,1
5.51,85.08,50.12,0,4,72.1,62.3,69.8,66.3,1,0,1,0
8.73,80.33,68.42,2,1,73.4,50.9,35.3,76.2,0,2,3,1
7.04,87.53,79.54,1,2,48.7,36.6,46.0,49.6,1,2,0,1
6.77,80.87,65.18,1,2,23.0,62.6,39.6,51.8,5,0,2,0
6.19,71.88,75.59,2,2,66.5,69.9,81.7,74.3,2,0,0,1
5.55,81.62,79.47,3,4,61.3,81.5,16.6,64.5,1,1,1,1
,66.56,71.57,2,0,,,,43.7,0,3,1,1
7.27,79.09,76.7,0,2,55.9,48.1,9.1,83.5,3,2,1,0
5.91,77.67,65.37,1,2,52.3,56.3,45.9,29.4,0,4,0,0
5.9,75.92,72.93,1,3,96.2,64.9,51.7,74.1,3,1,1,0
6.86,76.71,81.1,2,2,33.5,62.8,83.5,37.2,0,3,3,1
8.87,59.18,76.57,1,0,73.2,63.2,66.7,93.9,0,2,1,1
6.94,72.51,69.13,1,3,49.7,71.1,45.8,32.2,0,0,2,1
5.7,78.93,77.24,1,5,54.0,51.5,78.1,80.7,0,0,0,1
6.95,79.6,82.15,1,4,54.3,79.0,60.3,58.5,1,2,0,1
6.93,67.72,54.5,0,4,45.5,71.5,60.6,53.4,4,2,1,0
4.5,90.66,86.59,2,3,70.3,60.2,39.6,63.3,1,2,1,1
7.15,69.34,71.64,1,2,85.0,89.0,43.2,71.4,3,1,2,1
6.97,87.69,79.25,0,2,68.5,88.3,46.0,43.7,0,3,3,1
7.9,82.27,86.97,2,2,61.9,79.0,60.8,45.3,2,2,0,1
9.05,71.54,61.28,1,2,42.2,19.7,61.3,71.7,2,1,0,1
8.33,95.75,67.91,1,4,69.3,88.7,86.2,29.3,1,4,0,1
6.93,66.06,72.11,1,3,98.8,76.9,66.5,49.5,0,2,0,1
6.09,87.19,67.16,3,3,53.1,95.1,14.0,100.0,1,0,1,1
9.77,88.01,92.35,1,5,53.2,83.6,64.5,42.6,1,1,1,1
7.26,71.29,66.43,0,3,49.9,88.7,35.3,80.7,0,1,0,1
7.21,91.92,69.44,0,5,51.2,78.2,43.6,49.5,2,2,3,0
7.18,75.5,77.04,2,5,10.6,85.2,46.2,69.2,4,2,0,0
7.4,80.89,62.98,1,2,67.3,94.9,48.7,71.8,0,1,1,1
7.06,80.6,71.04,0,0,44.8,68.2,36.6,80.3,1,1,0,0
6.63,76.66,78.17,0,4,31.0,41.4,63.5,56.4,1,1,0,1
6.65,86.11,71.67,1,3,73.6,60.4,36.0,95.8,1,1,1,1
7.17,85.93,74.07,0,2,40.5,70.8,66.1,49.4,0,0,1,1
6.66,60.51,69.71,2,4,53.9,66.1,98.0,64.2,3,2,2,1
,91.04,59.86,1,0,,,,64.4,0,3,0,0
7.31,61.38,78.22,2,1,34.6,40.5,55.2,39.8,0,2,1,0
6.95,88.33,92.55,0,2,32.4,53.9,17.1,54.9,2,0,1,0
8.7,89.27,75.18,2,2,64.8,77.1,54.9,62.9,1,3,0,1
4.55,67.09,77.25,1,2,80.7,88.7,70.9,52.2,2,2,0,1
8.29,73.89,81.93,1,4,31.7,78.7,72.3,100.0,0,0,1,1
8.45,66.94,62.31,1,5,67.3,80.9,61.3,44.9,0,2,0,1
5.13,75.85,92.03,2,0,70.5,63.8,75.1,81.2,3,0,0,0
6.86,74.92,77.02,3,0,22.9,38.9,100.0,75.4,0,2,0,0
6.83,85.8,91.32,3,2,74.4,58.2,89.1,59.8,2,1,0,1
5.79,91.1,67.67,2,3,75.8,61.1,51.1,44.4,2,2,2,1
6.42,91.96,93.18,1,1,54.4,57.5,35.3,46.2,1,2,0,1
6.09,72.38,82.75,0,2,82.5,65.8,53.1,50.7,0,3,0,1
8.95,75.91,80.53,1,1,80.5,71.6,43.9,27.9,1,1,2,1
8.14,61.17,77.34,1,2,61.9,77.8,67.7,41.9,3,1,0,0
8.47,69.94,72.51,1,1,51.9,60.8,39.9,33.3,0,3,2,0
7.92,87.65,87.01,0,3,42.5,36.4,58.8,84.2,0,2,1,1
6.07,94.16,76.4,0,6,59.3,57.8,74.2,71.1,0,2,2,1
6.68,65.66,55.33,3,4,70.3,65.7,58.3,74.1,0,0,2,1
,72.08,63.83,0,2,,,,70.6,3,3,2,1
5.98,77.74,73.14,1,2,20.4,56.5,80.0,63.0,2,1,0,0
7.91,80.8,78.1,1,0,82.8,72.7,28.1,86.3,5,2,1,0
6.96,69.9,74.43,2,2,63.4,69.4,54.4,49.0,1,0,0,0
6.83,82.24,87.19,1,2,53.2,65.7,59.3,61.9,2,2,0,1
7.91,73.26,55.49,1,0,75.4,79.0,60.3,73.4,0,1,1,1
7.64,77.86,76.44,2,3,87.4,55.1,63.1,36.2,1,3,1,1
6.84,83.46,56.82,2,2,9.6,56.4,70.4,100.0,1,2,0,1
8.36,78.06,82.6,1,2,67.8,64.8,59.4,60.5,3,2,0,1
6.12,73.64,74.06,3,3,34.3,55.4,53.7,62.6,2,1,0,0
7.82,76.9,79.2,2,1,69.0,72.6,53.1,82.6,3,3,3,1
7.79,77.12,66.36,1,7,62.3,54.3,49.6,76.5,2,1,1,1
6.89,74.3,87.79,0,3,71.4,68.4,73.4,60.7,2,2,0,0
7.53,75.41,85.42,2,5,51.0,63.5,49.0,62.3,0,2,1,1
5.95,93.99,80.84,0,1,26.3,68.2,74.4,32.9,2,2,0,0
8.12,83.61,73.7,0,4,51.9,58.1,60.3,50.0,1,1,0,1
7.02,75.05,80.8,0,1,67.3,59.9,51.1,69.3,0,1,1,1
6.68,84.97,67.93,1,2,78.3,66.4,70.5,68.0,0,1,3,1
8.25,74.66,83.56,1,1,38.9,68.0,47.6,82.0,1,3,1,1
6.5,89.73,91.49,1,3,78.5,64.9,70.8,57.8,0,1,0,1
5.79,81.7,85.71,1,3,48.3,90.6,63.6,35.0,0,2,1,1
5.64,76.93,67.7,1,4,66.5,50.1,49.9,79.0,1,1,0,1
7.81,82.48,78.61,2,2,50.8,64.0,69.0,85.8,3,2,2,1
5.92,62.29,62.07,2,2,63.3,41.4,69.3,76.2,2,3,0,0
8.95,66.73,80.72,1,3,76.1,70.6,79.7,57.1,0,1,0,1
5.12,66.06,79.51,2,3,37.9,48.3,76.4,78.8,0,3,0,1
8.9,79.43,56.3,3,3,47.8,60.8,68.4,100.0,0,1,2,1
7.41,95.33,63.38,2,2,63.3,59.4,40.8,62.1,0,2,0,1
7.1,100.0,72.17,2,2,100.0,69.2,100.0,36.4,0,0,0,1
6.66,84.38,71.99,3,4,44.5,56.7,36.1,49.4,4,3,0,0
7.6,83.01,62.91,1,2,96.7,56.1,76.1,71.3,1,2,0,1
7.16,59.99,78.89,1,2,96.1,86.5,67.3,31.1,0,3,0,1
8.3,72.57,77.51,2,2,58.2,69.3,40.0,63.0,0,0,0,0
7.31,70.12,73.06,0,1,54.6,56.6,57.9,66.8,0,0,0,1
7.35,71.79,67.44,0,0,47.5,61.2,58.7,87.6,0,0,2,1
6.84,76.32,85.49,1,2,58.8,89.7,82.2,83.6,0,2,0,1
7.14,73.28,91.55,0,5,34.7,61.5,47.9,75.6,4,3,2,0
7.51,58.21,70.16,1,4,58.6,54.7,55.5,21.1,0,1,2,0
5.49,85.48,68.88,0,3,86.9,54.7,20.3,76.6,0,0,0,0
5.85,67.27,79.91,0,5,49.0,56.8,89.5,72.7,0,0,1,1
7.94,80.39,71.42,1,0,55.7,56.1,41.8,64.6,1,1,0,1
7.37,98.74,73.61,1,0,29.4,45.8,65.6,28.9,0,1,2,0
7.02,68.81,82.4,2,3,66.7,48.1,58.3,46.0,0,1,1,1
7.22,52.7,55.91,0,0,64.8,52.6,58.3,39.0,0,0,0,0
7.55,75.14,88.18,2,1,61.1,73.9,73.8,23.7,1,5,0,1
6.66,89.01,75.73,1,1,56.1,59.3,88.4,59.9,0,2,2,1
6.42,97.58,70.89,1,3,54.7,61.9,64.3,45.6,0,1,0,1
7.4,65.7,74.11,1,3,69.0,84.1,71.1,100.0,0,2,1,1
6.22,82.97,74.62,0,2,59.5,84.4,65.6,57.0,0,1,0,1
7.61,73.35,57.69,1,2,65.7,60.8,77.3,83.3,0,1,1,1
5.5,76.94,89.95,1,2,63.9,55.5,52.1,31.8,0,2,0,1
8.23,100.0,75.41,1,0,80.2,52.0,78.3,50.5,0,0,1,1
7.67,62.97,79.43,1,2,72.2,75.4,78.9,61.7,0,1,1,1
7.46,80.54,84.52,1,4,63.5,61.9,78.4,43.7,0,0,1,1
8.18,82.68,64.79,0,4,87.3,59.2,48.8,52.4,0,0,0,1
8.87,88.86,79.73,1,5,67.6,52.8,57.1,56.1,0,2,1,1
8.21,78.98,72.32,0,1,83.5,53.5,64.1,55.8,3,1,1,0
5.36,81.08,83.47,3,3,70.9,69.8,36.7,93.4,1,2,2,0
5.92,74.08,53.73,1,2,26.8,45.3,87.1,66.8,2,3,3,0
6.58,80.69,74.01,3,1,83.5,79.9,59.8,68.6,3,2,1,0
7.23,74.57,68.97,1,1,62.4,57.0,64.8,69.7,4,2,0,0
7.72,84.22,79.32,0,2,59.1,62.8,50.2,71.0,2,0,0,0
6.47,74.3,79.7,0,1,65.1,44.9,37.4,58.5,1,3,1,0
7.39,81.77,67.92,3,1,53.8,64.8,49.7,54.2,0,0,1,0
6.44,77.71,67.88,0,2,64.1,60.1,63.7,63.0,0,1,1,1
6.59,89.26,73.89,0,1,49.3,64.2,71.4,80.8,1,1,0,0
5.79,77.49,66.03,0,4,82.9,87.1,62.8,80.3,5,0,0,0
6.28,60.27,83.42,1,1,58.0,67.7,65.9,55.7,0,1,0,0
5.85,90.62,71.31,1,1,53.1,53.1,54.3,73.8,1,2,1,0
6.22,68.94,45.93,0,3,43.4,54.3,68.4,56.5,0,0,1,0
8.25,71.46,71.25,0,3,64.8,73.9,85.2,60.6,0,1,0,1
6.25,72.04,64.61,2,1,63.4,84.5,72.0,51.5,0,4,1,1
9.83,91.74,58.69,2,2,67.0,69.2,73.8,56.7,0,3,0,1
7.69,56.64,62.63,0,3,41.5,75.3,65.0,84.1,0,2,2,1
7.38,100.0,76.09,2,2,31.2,74.1,34.4,61.7,1,2,1,1
6.34,88.56,88.29,1,3,71.3,86.3,42.2,62.4,3,4,0,0
7.9,80.23,78.13,3,3,86.7,35.8,67.7,34.0,3,2,0,1
6.62,77.45,68.93,0,3,41.5,75.0,59.8,54.4,0,2,3,1
7.32,80.86,79.56,0,2,88.6,79.8,67.5,55.7,3,1,1,1
9.76,83.21,70.41,0,5,65.1,44.9,88.5,45.1,0,2,2,1
7.1,84.45,68.05,0,3,59.9,51.7,72.3,60.4,0,1,0,1
8.35,83.56,63.46,2,4,52.8,52.2,81.4,52.3,1,3,0,1
6.5,78.9,57.48,1,1,35.1,54.1,61.6,61.4,0,4,0,0
7.17,76.03,71.1,0,0,77.8,57.8,46.3,62.2,0,2,0,1
8.97,76.49,76.58,0,3,46.0,68.6,59.0,42.8,0,2,0,1
6.57,76.05,74.03,1,2,46.0,78.0,46.3,52.8,1,0,0,1
9.01,89.34,70.84,1,2,77.9,81.2,86.5,61.4,0,0,0,1
7.91,83.94,65.54,1,1,26.1,52.4,73.4,81.3,1,0,3,0
6.64,48.6,81.08,0,5,32.6,52.3,68.8,64.6,1,3,0,0
7.83,84.56,61.83,0,3,59.7,84.7,81.0,48.1,1,2,0,1
8.17,79.95,82.76,1,1,65.3,74.7,25.7,67.2,3,2,2,0
7.82,77.81,64.98,2,6,68.7,66.2,70.0,90.7,0,0,1,1
5.63,74.11,67.48,1,2,54.6,72.1,37.7,76.5,0,4,1,0
6.47,89.24,60.33,0,0,100.0,64.6,59.9,69.9,0,3,0,1
6.95,87.48,69.99,0,5,55.9,72.9,54.7,73.1,0,1,2,1
7.13,70.27,84.75,1,0,55.8,60.0,71.2,85.9,1,2,1,1
7.82,82.07,80.16,0,2,45.7,69.0,63.9,79.4,0,2,0,1
7.38,68.28,84.78,1,3,62.2,42.3,82.9,70.2,0,3,3,1
5.86,64.2,80.22,2,2,71.1,54.7,49.8,79.2,2,0,1,0
7.58,71.73,63.96,0,2,81.7,54.8,72.1,40.5,1,0,2,1
7.81,86.62,71.69,0,7,33.2,59.4,62.8,33.0,1,1,1,1
7.76,87.53,67.2,3,2,55.6,51.1,32.2,62.8,2,5,0,1
8.28,83.13,88.31,1,5,68.0,57.0,44.4,61.2,2,2,1,1
8.03,85.25,63.03,0,3,70.6,42.3,57.5,50.2,1,0,3,1
7.66,83.16,83.94,1,3,60.1,73.2,78.9,74.9,0,2,2,1
7.13,71.59,83.93,0,2,69.8,63.8,67.9,26.5,5,3,2,0
5.54,82.32,93.3,1,2,45.4,39.4,40.2,50.4,1,0,3,0
7.63,86.0,70.9,2,2,88.0,52.5,57.6,51.3,0,2,1,1
7.41,85.54,82.12,1,5,77.9,70.0,94.3,30.5,0,2,1,1
7.47,89.89,97.82,1,2,35.8,56.9,61.9,86.9,1,2,1,1
5.92,85.08,68.82,0,5,40.6,54.5,54.4,35.5,3,0,0,0
6.12,81.51,59.65,1,5,41.2,63.9,68.4,49.4,0,8,0,1
8.25,88.7,56.2,1,2,72.2,70.2,73.0,76.3,0,2,0,1
7.16,77.73,82.13,2,3,36.9,43.5,52.2,71.6,3,1,2,0
7.88,69.18,56.17,1,4,54.0,73.3,68.5,40.1,3,1,0,0
7.23,76.37,71.28,0,3,68.2,53.0,54.4,72.3,0,0,1,1
7.23,70.55,79.37,2,2,58.8,64.7,72.2,65.2,0,0,0,1
8.14,71.25,76.85,1,6,64.7,64.5,62.9,100.0,1,0,0,1
6.68,76.55,79.25,1,1,40.8,57.1,68.2,67.3,0,1,0,0
7.3,70.08,77.22,2,3,70.7,49.6,47.1,57.5,3,1,0,0
6.74,74.92,87.79,2,3,49.0,60.7,46.0,44.6,0,3,0,0
6.77,59.06,65.48,0,3,54.2,89.4,76.1,46.6,0,0,0,1
6.89,80.13,68.23,1,2,64.3,44.6,58.7,45.1,0,2,1,1
7.42,78.01,67.27,3,5,61.9,90.4,64.8,84.7,0,1,0,1
6.72,69.83,83.3,1,2,60.4,61.1,54.8,60.3,0,0,1,1
8.46,84.59,84.0,2,1,46.5,65.5,75.3,70.2,0,2,1,1
6.31,87.38,79.51,1,2,54.6,48.7,49.7,87.3,2,4,2,1
7.01,61.92,86.83,2,1,60.0,53.4,57.7,17.5,0,2,1,0
6.76,70.37,63.22,1,0,35.2,57.5,73.4,83.0,3,2,1,0
8.65,70.31,91.67,1,3,51.7,49.3,79.9,61.0,0,1,0,1
7.4,68.6,90.23,1,3,67.0,61.9,51.1,67.8,1,1,1,1
8.23,86.29,82.36,3,4,37.0,58.9,93.3,45.1,0,1,1,1
5.71,76.06,92.82,0,1,80.8,92.8,65.3,46.4,0,1,1,1
7.47,75.35,58.43,1,3,82.9,47.5,42.3,68.8,1,2,0,1
,57.96,69.76,4,3,,,,100.0,1,2,1,1
7.28,84.35,67.65,0,0,84.4,68.7,53.5,78.1,2,2,0,1
8.27,65.61,82.21,1,1,57.4,48.9,67.4,82.8,2,4,0,1
6.68,78.6,64.5,1,4,67.5,75.3,59.3,56.5,1,1,0,1
8.61,80.77,82.57,1,1,51.1,59.0,61.3,49.2,0,3,0,1
9.5,91.61,88.71,1,2,76.6,27.6,44.5,45.9,3,4,1,1
6.84,64.91,81.95,1,3,67.3,74.9,76.8,51.2,1,2,0,1
6.75,47.8,77.84,0,1,45.3,48.2,40.3,23.0,5,1,0,0
8.65,79.84,65.12,3,3,39.0,49.3,41.2,47.0,2,2,0,0
8.78,96.01,66.53,0,2,33.7,75.3,66.2,49.9,0,1,1,0
6.68,90.39,87.5,2,5,63.4,59.8,87.2,56.8,0,2,1,1
6.78,80.1,82.79,2,1,70.3,78.8,54.0,62.4,1,3,1,1
6.92,73.08,74.61,2,1,71.7,83.2,71.9,66.5,1,0,1,1
5.86,86.07,70.82,2,5,57.9,55.3,78.2,59.7,1,2,0,1
6.28,68.26,54.74,0,0,39.2,76.9,73.8,49.5,2,4,2,0
6.2,82.76,64.29,1,2,47.7,53.7,54.7,24.7,0,1,2,1
6.43,83.05,94.11,2,2,80.7,98.5,41.5,49.6,0,2,1,1
7.17,88.6,62.2,1,3,51.3,54.6,22.5,42.5,0,1,1,1
7.43,100.0,76.89,1,1,62.6,80.4,55.5,68.4,1,6,0,1
8.75,81.92,85.07,1,4,40.6,77.7,80.0,76.4,1,0,1,1
6.2,72.91,62.45,1,4,66.1,69.7,40.9,76.9,0,1,1,1
,77.74,76.85,2,2,,,,73.6,1,2,0,1
6.99,60.31,84.38,0,2,78.8,62.7,43.8,57.6,0,2,1,1
7.15,71.05,75.12,3,2,73.9,32.7,61.8,50.6,0,4,0,1
7.87,73.91,100.0,0,2,51.1,68.4,72.0,46.6,1,0,0,0
6.08,72.76,58.31,1,5,57.7,70.2,48.8,32.9,0,2,2,0
7.58,79.52,85.59,1,4,50.1,67.0,62.9,77.9,1,1,1,1
7.37,69.78,73.27,0,0,34.5,20.4,52.9,56.9,2,2,1,0
7.69,89.21,82.72,0,3,44.6,46.0,72.0,37.6,2,0,0,0
7.49,78.0,79.41,2,3,63.6,53.8,64.0,45.1,0,0,0,1
9.66,77.91,67.67,0,2,65.9,69.4,61.0,44.4,0,1,2,1
6.56,74.72,77.29,0,2,62.7,69.3,86.5,60.8,1,3,0,1
6.67,79.55,56.42,2,3,54.6,62.4,71.3,79.2,2,3,1,1
6.58,86.25,81.03,0,6,76.8,74.5,48.3,53.7,2,0,0,1
6.64,69.33,77.98,1,1,61.1,49.6,58.5,19.5,0,2,0,0
6.56,71.42,81.39,0,0,72.7,74.2,58.7,56.6,0,2,0,0
8.39,74.96,85.58,1,1,28.1,72.1,61.4,57.2,1,1,1,0
8.62,64.54,78.68,0,1,0.0,70.7,100.0,56.0,1,2,1,0
6.63,69.81,76.48,3,0,65.1,62.3,66.3,48.7,0,3,0,1
6.37,73.24,66.19,0,1,34.4,92.5,25.4,63.9,0,2,1,0
7.67,86.74,67.88,0,4,56.2,72.4,50.8,61.2,1,1,2,1
6.65,80.63,86.87,3,1,54.6,50.5,27.1,59.6,0,1,1,0
7.83,79.94,89.36,1,6,88.6,68.7,54.4,67.4,0,0,0,1
7.4,86.51,72.62,3,1,67.2,76.3,26.2,52.3,0,4,1,1
5.68,76.63,75.46,2,2,63.0,56.2,45.2,51.2,0,1,2,1
8.75,81.9,65.95,0,3,75.1,81.3,34.1,84.8,1,1,1,1
9.0,76.97,86.73,1,0,66.6,70.7,66.5,70.1,0,2,0,1
6.59,80.65,81.65,1,6,51.8,29.9,60.0,74.9,0,1,0,1
6.81,72.17,94.41,1,4,79.3,69.5,65.2,82.1,0,1,0,1
7.49,53.61,66.22,0,1,40.0,58.9,58.2,69.5,0,3,0,0
7.53,76.66,71.22,2,2,65.8,73.1,36.3,76.7,1,2,0,1
7.86,92.23,77.31,1,7,32.1,79.2,68.7,31.6,0,5,0,1
9.21,87.26,81.46,1,2,63.7,67.9,92.7,63.7,1,1,2,1
7.02,87.65,72.84,0,2,63.5,90.0,67.0,56.7,0,2,1,1
6.4,90.36,66.27,4,5,90.2,62.3,52.8,90.2,0,0,1,1
5.82,78.89,83.81,1,4,31.8,74.4,35.7,76.7,0,5,0,1
6.47,79.97,82.21,0,1,49.2,77.1,44.6,48.7,0,0,1,0
7.17,71.82,65.84,1,4,74.8,63.5,67.7,66.7,1,1,0,1
8.99,74.84,88.55,2,2,66.0,76.7,78.2,63.0,0,1,0,1
6.68,84.16,86.7,1,5,63.2,56.1,64.4,68.2,2,0,2,1
7.42,90.04,76.34,1,2,42.8,58.7,73.6,41.7,0,3,1,1
7.18,76.61,75.8,2,1,49.4,45.3,72.0,66.5,0,3,1,1
8.39,73.5,80.54,1,0,82.4,68.6,68.6,55.9,0,1,0,1
9.73,78.01,66.38,2,2,59.1,69.9,48.8,65.1,2,1,1,1
6.67,84.01,75.3,1,1,66.8,82.7,63.0,47.0,0,0,0,1
6.71,63.56,53.48,1,1,57.9,76.9,45.6,49.5,0,5,2,1
8.24,55.04,83.76,1,1,38.7,60.7,60.3,81.1,0,0,0,1
7.88,72.49,59.39,0,3,76.8,47.3,65.6,41.1,0,1,0,1
9.05,65.79,90.03,2,6,69.1,71.5,88.5,42.4,3,2,2,1
7.78,72.92,71.7,1,2,100.0,81.7,37.7,59.1,0,2,2,1
6.84,76.52,72.88,1,0,41.7,76.3,68.2,46.1,2,3,1,0
7.79,73.47,68.72,1,1,74.8,81.3,85.2,44.1,1,0,1,1
8.31,92.52,72.12,4,2,36.4,61.8,72.9,61.9,0,1,2,1
8.02,81.27,89.19,0,5,62.8,58.0,74.2,32.9,0,3,1,1
7.71,81.0,50.12,0,4,77.6,53.9,70.0,41.9,1,0,0,1
8.27,84.22,87.77,1,1,22.7,64.2,82.1,97.0,0,2,0,1
8.37,66.61,78.38,2,2,56.3,63.8,41.5,68.3,0,1,0,1
8.58,88.39,62.93,4,4,49.9,68.1,36.4,46.6,1,0,1,1
7.85,77.24,64.25,2,3,47.4,63.1,59.9,67.5,2,2,1,1
7.03,84.7,91.76,0,2,66.9,63.0,23.3,70.2,1,5,0,0
7.35,67.28,65.54,0,2,80.2,53.3,80.9,77.9,1,1,0,0
8.41,62.46,63.47,1,2,57.6,79.1,80.8,57.7,0,3,1,1
6.38,86.18,86.37,0,0,63.7,66.1,52.6,77.6,0,2,0,1
7.57,81.76,78.39,1,5,62.1,62.4,53.7,23.3,0,2,3,1
6.81,68.98,65.62,1,3,60.0,53.8,58.8,41.0,1,2,0,0
7.23,69.3,77.17,2,3,40.4,45.0,60.9,62.9,4,3,2,1
8.48,89.25,64.74,3,2,80.0,84.6,62.2,65.9,0,0,0,1
7.39,66.11,86.01,0,5,65.3,73.3,69.5,43.6,0,0,0,1
7.25,94.43,85.61,1,2,67.1,40.6,57.1,64.7,0,1,0,1
5.84,68.99,80.32,1,2,45.5,76.4,76.0,48.8,2,3,1,0
7.95,84.38,78.62,0,2,51.7,78.8,67.6,55.0,1,0,1,1
7.85,74.71,92.61,1,0,56.8,66.9,49.7,78.4,0,1,1,1
9.36,84.03,75.0,2,3,32.4,89.0,82.7,76.4,4,0,1,0
6.89,72.56,63.18,1,4,29.6,68.3,36.9,42.1,2,4,1,0
7.42,76.37,79.49,1,1,49.2,43.7,58.4,41.0,0,1,0,1
7.45,78.41,95.86,4,4,69.4,70.5,76.4,52.6,3,1,2,1
8.78,67.98,64.85,3,3,48.2,68.7,47.7,59.5,0,0,2,1
7.1,85.41,71.39,0,2,41.7,56.0,65.3,48.2,0,3,0,0
7.48,72.87,79.16,1,5,45.3,73.6,69.2,78.7,0,3,2,1
7.81,75.71,74.46,1,3,51.8,40.0,45.4,66.3,2,2,1,0
7.39,68.06,65.18,1,2,53.6,79.9,58.8,67.3,1,1,3,1
6.75,52.38,86.22,0,4,99.0,51.8,57.3,37.2,0,3,0,1
7.39,76.09,98.2,2,2,79.0,50.2,50.6,81.0,4,2,0,0
8.27,100.0,76.96,1,2,78.4,63.3,99.1,9.2,0,3,1,1
6.17,85.85,65.96,1,3,81.0,71.5,47.0,75.0,1,2,1,1
7.33,77.81,59.51,1,5,42.0,67.5,77.1,76.8,1,0,1,0
6.5,75.37,77.58,1,2,38.0,53.9,53.3,52.2,0,2,1,0
8.4,78.22,86.04,1,2,40.1,57.4,41.5,82.9,0,2,2,1
5.68,83.47,79.75,0,2,84.0,48.0,61.7,58.9,3,2,1,0
6.64,66.19,74.98,1,4,50.2,61.6,71.0,61.1,0,3,0,1
7.58,89.14,69.11,0,4,37.5,81.1,75.6,66.1,1,1,3,1
8.77,85.15,64.08,1,1,52.2,64.9,86.6,100.0,0,1,2,1
7.13,85.18,83.35,0,1,55.7,77.9,100.0,84.2,1,1,1,1
6.64,82.38,84.14,4,1,64.8,86.8,64.3,72.6,0,2,0,1
9.08,78.2,59.54,0,0,64.5,56.2,48.7,43.6,0,2,0,1
5.75,84.73,90.9,3,5,45.1,62.2,67.7,62.6,0,1,3,1
5.0,83.92,80.74,0,0,72.3,97.6,55.5,45.4,2,0,1,0
7.64,74.46,89.0,3,3,48.5,86.7,75.7,74.8,0,2,0,1
6.7,72.26,61.58,0,4,57.2,39.9,37.9,62.5,0,0,1,0
6.18,79.02,61.34,0,3,72.4,70.8,100.0,39.8,3,0,1,0
7.91,93.49,73.51,1,1,48.4,65.0,74.6,61.5,2,2,0,1
7.44,65.61,80.03,0,3,49.8,77.4,31.4,44.7,0,0,1,0
6.64,63.32,92.96,1,2,70.7,53.8,47.9,62.7,5,0,0,0
5.92,79.65,82.06,1,2,44.6,52.4,73.9,44.5,1,1,0,0
8.07,78.51,72.57,4,1,53.1,54.9,80.0,60.5,0,1,4,1
7.85,79.73,64.74,0,2,70.0,56.4,38.4,73.5,0,3,2,1
7.1,80.44,87.3,0,3,97.0,77.2,72.1,59.0,1,0,0,1
9.05,75.77,65.35,2,3,70.9,47.3,26.9,53.0,2,3,1,1
6.13,92.9,91.28,1,3,68.5,55.7,58.5,63.7,0,1,0,1
5.67,61.99,72.16,2,1,69.6,38.2,78.9,72.5,0,2,1,1
6.51,69.72,90.91,1,5,40.7,80.1,50.6,40.1,0,0,2,1
7.15,76.97,81.79,1,3,62.1,84.1,34.4,64.7,1,1,2,1
7.44,61.57,73.63,0,2,59.5,60.1,62.5,83.7,0,1,2,1
6.96,76.24,69.81,1,2,65.8,60.5,49.7,70.3,0,1,0,1
7.55,94.61,71.59,1,5,62.1,71.8,70.7,61.0,1,6,0,1
5.95,78.21,79.28,0,3,66.8,87.1,44.9,71.5,2,2,0,1
8.64,80.31,75.77,2,4,54.4,71.1,46.9,68.1,0,1,0,1
7.12,65.4,69.06,0,3,61.1,54.5,25.6,73.6,0,2,1,0
8.32,71.84,73.34,2,5,37.9,40.7,62.9,23.6,0,4,1,1
7.54,74.25,75.79,0,2,54.2,48.3,57.3,32.0,0,1,1,0
7.66,74.82,53.71,0,7,85.0,66.1,39.8,78.1,4,1,2,0
7.77,90.82,79.58,1,4,65.7,55.2,63.3,32.9,2,2,1,1
7.65,83.58,65.2,1,1,59.6,67.9,77.5,67.2,0,1,0,1
7.84,66.89,63.47,1,1,94.1,56.7,56.3,53.7,0,1,0,1
8.53,80.47,58.13,1,2,35.5,49.1,64.6,42.1,0,1,1,1
7.4,82.98,57.06,0,2,40.0,47.3,64.6,66.3,1,0,1,0
7.91,89.4,61.45,0,3,90.8,88.4,39.5,63.6,0,1,1,1
7.11,93.81,67.91,1,3,60.8,78.3,95.0,98.0,2,1,0,1
8.64,67.85,94.53,2,2,55.6,91.0,52.0,48.8,2,0,0,1
6.52,69.89,69.74,1,3,38.4,73.1,71.2,85.9,0,3,0,1
9.0,65.42,76.78,3,3,68.1,58.6,73.1,66.3,2,2,2,1
7.16,75.66,79.0,1,2,69.8,84.9,57.6,48.1,2,4,2,1
5.77,82.66,76.31,1,4,40.3,64.5,70.3,74.4,2,0,1,1
7.33,87.87,74.23,0,2,57.5,68.3,64.2,70.2,4,0,1,1
6.52,77.24,63.05,2,6,54.0,64.4,35.9,60.6,0,2,1,0
8.04,74.8,89.51,1,8,64.6,20.8,54.4,64.8,0,1,3,1
6.55,79.52,93.07,1,2,39.9,89.1,49.6,49.3,3,2,0,0
6.75,69.65,58.17,0,5,82.5,72.4,52.2,45.1,2,0,0,1
5.31,98.9,64.76,0,2,76.5,69.9,37.8,73.7,3,2,2,0
6.75,61.92,72.2,2,5,53.5,64.1,79.1,56.0,0,0,0,1
4.78,79.85,65.35,1,3,56.1,67.5,87.2,58.6,1,2,0,0
5.62,98.24,80.06,2,2,57.5,56.0,76.6,65.0,0,2,0,1
7.96,78.07,67.72,0,3,46.0,74.2,81.6,64.8,0,1,1,1
7.99,76.1,96.65,2,1,52.0,45.4,54.1,34.3,0,0,0,1
7.63,74.43,86.91,2,3,55.1,67.8,49.2,83.2,0,0,1,1
6.23,76.2,77.13,0,0,89.0,73.4,46.8,62.2,0,2,0,1
7.15,91.73,85.27,0,1,77.0,62.0,70.9,56.4,1,2,2,1
7.2,55.88,86.06,1,2,76.8,70.6,63.9,67.8,0,4,2,1
6.04,93.33,69.36,1,2,66.7,50.1,58.7,64.3,0,1,0,1
8.7,63.76,66.84,1,0,39.9,50.5,82.0,73.8,0,2,1,1
8.08,75.33,75.78,1,0,59.3,68.6,66.9,69.7,0,2,0,1
6.98,73.71,83.62,2,3,77.5,75.2,45.7,72.9,4,0,0,1
7.23,83.89,76.39,2,3,37.4,36.9,48.4,84.3,0,2,1,1
7.41,62.02,59.23,1,1,71.5,72.8,71.6,75.9,0,0,1,1
5.16,82.62,66.97,0,3,100.0,56.9,77.7,57.1,2,1,1,0
6.95,98.24,74.26,2,5,79.1,62.1,69.4,39.8,1,0,0,1
6.52,64.37,74.24,1,4,85.5,44.9,92.2,90.0,1,3,0,1
6.2,79.9,94.73,1,0,63.9,52.2,87.8,55.7,1,2,1,1
6.92,71.38,61.14,2,1,77.4,79.5,67.5,51.5,4,4,2,1
9.0,82.26,80.06,2,3,47.1,65.5,45.7,28.7,0,2,0,1
7.84,78.19,89.89,2,3,74.3,59.3,37.7,66.1,5,1,2,0
6.63,71.59,97.71,2,2,71.8,63.3,53.4,62.7,2,0,3,0
7.77,82.88,70.96,1,7,65.2,72.3,72.8,32.7,1,0,1,1
8.6,96.04,79.91,0,1,83.7,71.6,91.1,68.2,1,1,0,1
8.12,76.09,80.7,0,4,50.3,63.9,67.1,51.0,1,1,0,1
7.26,85.2,76.95,1,2,56.6,81.4,79.9,100.0,0,1,0,1
6.55,65.07,74.01,0,3,61.7,79.6,55.8,49.8,0,4,1,1
7.9,68.44,79.36,0,1,41.5,71.2,70.6,52.2,4,0,0,0
7.59,82.72,49.68,0,6,64.1,65.8,74.0,44.3,0,2,0,1
,92.84,81.82,1,5,,,,83.0,0,2,0,1
7.84,81.56,76.26,1,2,78.8,69.7,53.0,53.3,2,0,2,1
8.25,74.87,72.78,2,4,60.8,80.9,76.1,47.0,0,1,1,1
6.66,77.99,95.47,1,0,50.6,78.5,64.7,72.7,0,1,2,1
8.52,65.5,68.25,0,3,45.0,49.7,39.7,35.2,1,0,1,0
7.4,84.05,70.97,1,2,55.8,48.7,18.7,71.3,1,1,0,0
9.28,86.82,94.92,0,4,72.4,54.5,53.8,92.1,0,2,2,1
6.51,73.48,66.68,0,2,69.9,79.6,58.8,70.2,4,1,2,0
8.94,73.3,69.5,0,3,47.3,41.4,45.0,71.5,0,2,0,1
7.4,80.66,73.53,2,6,44.8,70.9,62.4,75.7,0,3,1,1
6.55,73.63,83.41,1,2,71.8,70.4,68.6,90.8,0,0,0,1
6.72,77.34,77.08,1,3,47.0,82.4,71.4,81.8,1,3,2,1
6.88,99.0,62.07,1,2,61.1,67.7,19.9,67.9,0,0,1,1
7.62,75.53,69.68,1,5,62.2,44.9,37.7,76.3,0,2,2,1
7.72,74.42,68.93,1,3,65.6,50.6,54.8,44.1,2,0,0,0
6.63,71.52,74.23,1,3,75.4,47.3,69.7,74.0,0,2,1,1
7.18,85.44,79.26,1,4,37.3,56.9,68.3,41.9,2,2,0,1
9.34,76.19,79.18,2,3,25.6,62.3,68.0,53.4,1,4,0,0
8.93,71.51,57.24,2,8,49.8,47.5,53.5,4.5,5,3,1,0
7.64,91.21,85.64,1,4,92.4,87.1,54.4,67.2,1,2,0,1
7.24,92.2,77.53,2,1,96.4,45.1,47.6,48.4,0,0,0,1
7.32,72.0,88.85,0,3,93.0,85.2,73.1,80.0,0,2,0,1
7.81,59.33,79.44,3,0,56.5,82.8,44.4,67.0,3,3,0,0
6.18,88.08,86.01,2,2,27.9,78.5,74.5,80.2,2,1,1,0
6.94,71.15,79.67,0,2,17.8,54.6,63.5,40.5,0,1,0,0
5.53,85.91,88.46,3,1,48.9,70.1,59.2,78.7,1,2,1,1
7.6,58.3,80.22,0,3,56.4,45.8,48.8,97.9,0,1,2,1
,86.93,74.02,1,3,,,,73.8,4,2,1,1
6.72,65.89,97.72,0,3,75.6,63.9,49.0,74.2,4,0,0,0
8.77,85.31,83.89,1,0,64.1,58.9,54.4,63.1,5,0,1,0
5.97,78.14,80.74,2,3,44.0,46.6,19.7,50.6,2,1,0,0
5.74,68.46,62.24,0,5,42.7,27.8,56.6,73.7,3,0,1,0
7.42,73.93,62.12,1,2,64.6,49.4,75.7,32.9,0,1,0,0
8.25,84.86,77.93,3,1,72.5,81.7,69.6,52.5,2,0,1,1
8.88,79.06,76.46,1,2,67.1,59.0,51.6,28.1,1,1,3,1
6.74,83.84,68.86,0,3,41.4,62.5,60.8,47.3,4,2,0,0
8.28,97.76,76.41,2,5,71.7,74.8,50.5,71.6,1,3,0,1
,62.36,90.89,0,1,,,,69.1,0,1,3,1
7.03,94.17,81.95,1,0,40.7,84.9,86.2,60.9,1,3,1,1
8.08,79.04,63.59,0,2,45.9,50.4,76.5,63.1,1,0,0,1
7.85,69.01,73.88,2,4,72.4,35.9,68.9,26.1,0,3,1,1
5.62,64.7,66.95,2,1,55.8,100.0,51.6,53.3,0,2,1,0
8.68,76.11,71.12,2,5,88.6,99.0,72.7,47.7,1,0,2,1
8.58,87.22,70.86,1,2,69.0,67.8,31.3,48.1,0,1,0,1
6.57,76.72,70.22,0,1,51.2,45.9,55.7,70.8,0,2,0,0
7.6,93.11,62.45,0,2,59.8,79.4,69.9,44.5,0,3,1,0
7.69,63.49,73.72,2,5,61.1,63.4,72.6,49.1,4,2,0,1
7.46,77.88,69.39,1,0,46.9,63.3,71.4,22.4,2,1,3,0
6.65,65.48,45.71,0,4,43.6,78.4,65.0,54.7,0,1,1,1
6.53,81.64,95.53,0,3,72.6,70.0,56.7,40.4,2,1,1,0
7.17,86.87,85.89,0,1,75.2,47.2,69.1,61.4,1,1,1,1
8.37,73.79,71.24,0,2,70.9,60.1,43.8,42.9,0,4,1,1
7.74,51.96,75.19,3,4,87.3,74.9,45.6,61.9,0,1,0,1
6.83,79.99,63.28,1,4,50.2,72.7,61.0,57.4,1,0,0,1
7.97,82.37,91.96,0,1,90.1,68.9,62.9,90.1,0,6,1,1
4.35,82.04,93.97,2,3,43.8,79.0,29.0,68.9,2,1,0,0
8.35,90.36,76.57,1,5,41.8,59.6,67.7,26.9,0,0,0,1
5.46,67.29,85.24,2,1,28.3,67.7,73.1,37.2,0,2,3,0
6.84,84.8,76.75,0,3,52.0,14.4,58.7,61.0,4,1,1,0
6.08,89.93,61.63,1,2,50.9,58.3,100.0,43.3,0,5,0,1
5.91,60.21,70.88,1,2,69.5,76.5,48.4,6.6,1,2,1,1
8.36,81.2,76.32,4,1,64.4,59.1,53.9,84.3,0,1,3,1
6.73,72.96,70.45,1,2,38.5,58.0,53.3,73.0,0,3,0,1
7.55,77.18,72.81,1,3,52.9,49.4,58.7,69.4,0,0,0,0
7.15,81.48,74.09,1,5,53.3,80.1,54.4,49.1,0,1,1,1
7.68,73.13,74.19,1,5,28.0,73.2,36.1,67.7,0,2,0,0
7.28,71.24,75.52,0,2,42.3,77.4,50.7,47.3,0,1,3,1
5.92,78.34,64.39,1,3,46.1,39.1,58.3,63.7,1,4,0,0
8.2,67.13,67.83,0,0,85.8,62.6,80.9,43.4,1,2,0,1
6.71,67.14,62.15,0,4,63.4,60.8,97.4,87.3,0,1,0,0
5.64,84.79,84.78,1,2,71.9,60.8,82.7,31.7,3,2,1,0
6.77,66.51,53.94,2,6,33.0,55.8,46.8,82.2,0,2,1,1
8.7,84.66,86.54,1,2,81.5,59.8,48.2,60.7,0,1,0,1
8.05,82.63,88.86,1,4,83.4,77.7,57.3,51.2,1,1,2,1
6.85,60.74,71.98,0,4,24.0,36.3,90.3,63.0,0,3,1,1
6.85,71.22,48.97,2,2,47.3,91.7,57.2,73.2,0,2,2,1
6.88,89.94,71.39,0,4,68.9,72.3,37.4,84.6,0,0,1,1
,68.19,74.36,3,1,,,,65.6,2,2,1,1
7.58,73.36,64.89,3,1,47.8,78.6,72.9,44.0,1,3,2,1
7.63,82.62,69.85,1,3,54.5,43.2,71.7,61.0,0,1,1,1
8.23,85.83,90.3,0,4,49.2,55.0,56.6,92.7,0,2,0,1
7.44,75.48,81.65,1,2,62.0,63.2,71.6,84.3,2,1,0,1
6.94,72.02,65.75,1,2,81.5,85.5,21.4,76.4,1,1,2,1
7.0,92.22,59.02,3,4,46.1,64.3,61.8,74.3,0,1,3,1
7.13,95.39,71.73,1,2,78.0,71.8,74.6,72.6,0,3,0,1
7.16,87.79,72.87,0,1,45.9,56.2,45.8,80.9,0,1,0,1
,78.85,79.96,2,3,,,,51.8,0,4,1,1
7.25,69.92,69.65,0,0,74.7,90.2,28.3,35.6,2,1,0,0
7.93,69.7,80.11,0,1,76.6,79.9,87.0,61.2,0,4,1,1
7.12,83.23,94.35,1,3,75.3,63.8,47.8,45.3,0,2,1,0
7.28,82.18,83.16,1,3,36.3,75.1,64.1,41.0,3,1,0,1
5.2,92.02,74.52,1,2,51.6,73.7,70.3,47.0,1,1,0,0
8.12,84.5,73.17,0,0,74.8,72.6,85.7,100.0,1,1,0,1
7.55,62.97,71.43,3,4,60.7,81.7,57.4,62.5,0,2,1,1
8.2,88.52,86.81,0,1,40.7,81.6,50.8,66.5,1,2,0,1
4.3,68.02,68.73,1,3,68.2,63.1,62.9,38.0,1,2,4,0
9.29,74.16,75.45,2,1,47.1,74.6,81.8,26.8,0,2,0,1
7.06,80.5,75.51,2,3,92.3,59.3,57.1,45.3,5,2,1,0
8.31,97.96,69.98,1,4,87.8,51.2,43.8,85.9,3,1,0,0
6.16,100.0,61.28,1,2,70.9,61.0,33.8,66.0,1,2,0,1
7.81,84.07,78.23,2,2,84.5,63.9,39.2,70.8,0,0,0,1
6.15,76.17,74.39,0,0,61.2,40.1,74.7,73.3,0,1,0,0
6.58,83.35,80.0,1,3,73.8,77.9,54.5,49.4,0,2,0,1
9.11,86.88,69.66,2,2,86.6,23.5,49.7,85.0,0,2,0,1
7.01,74.79,87.21,0,3,64.4,100.0,47.8,48.6,2,3,3,1
7.42,95.95,66.23,1,2,55.4,87.5,61.4,85.3,0,0,0,1
8.07,80.3,92.12,1,6,29.3,61.1,55.9,68.0,3,2,2,1
7.7,82.98,57.52,0,3,58.5,65.1,55.4,27.8,0,0,0,1
7.35,84.66,79.35,3,1,74.8,69.5,82.9,46.5,0,4,0,1
7.56,82.22,79.75,1,2,77.0,56.2,86.1,27.9,1,2,0,1
9.6,86.39,67.04,1,3,69.1,67.9,32.6,80.9,0,1,0,1
7.14,71.83,79.24,2,5,50.3,62.8,65.6,59.6,3,2,0,1
7.4,72.42,87.8,3,4,24.4,63.6,46.8,19.9,5,0,0,0
8.25,67.0,52.83,0,1,51.1,67.7,55.8,66.8,0,0,0,0
8.31,82.4,80.03,1,0,54.5,45.3,65.3,50.3,0,3,1,0
8.39,85.79,50.07,0,7,54.4,65.6,56.4,33.3,0,1,0,1
7.84,82.58,65.34,0,4,71.1,67.5,63.9,90.2,1,0,2,1
6.06,94.74,91.29,1,1,95.7,66.9,71.4,61.9,0,1,1,1
8.83,77.94,69.18,0,1,62.2,61.8,65.0,54.7,1,0,0,0
6.05,84.69,63.26,0,5,56.1,82.1,49.0,52.8,0,0,0,1
7.5,67.08,73.02,2,7,55.3,59.7,49.3,32.8,1,4,1,1
6.45,74.13,95.68,2,2,62.2,68.4,35.5,36.5,2,1,1,0
7.14,84.96,56.68,0,4,45.1,84.5,45.5,83.1,0,5,1,1
7.53,86.49,64.49,0,2,62.2,63.8,93.4,51.5,0,2,1,1
7.52,75.06,89.97,0,1,68.1,68.2,46.5,60.4,0,2,1,1
7.62,77.28,93.58,2,5,63.8,63.6,39.7,23.2,0,1,2,1
8.81,62.82,73.97,2,6,68.2,83.6,65.4,36.3,0,1,2,1
7.65,74.43,62.61,0,1,67.8,61.1,58.1,71.0,0,3,0,1
6.96,86.9,95.96,2,2,28.1,84.3,56.7,66.8,3,0,1,0
8.16,83.75,90.94,1,0,71.5,63.4,84.0,91.6,3,1,0,1
8.39,83.01,81.79,2,2,47.9,52.1,69.3,84.2,2,2,0,1
5.97,78.5,66.88,0,4,40.3,75.2,51.0,55.8,0,0,1,0
7.8,78.07,74.51,1,2,40.1,60.4,52.8,68.5,1,0,1,1
7.9,71.4,73.4,2,2,67.8,74.3,51.5,54.3,0,0,0,1
6.9,84.99,78.31,2,1,56.0,24.1,74.9,97.0,0,1,2,1
8.58,82.21,89.51,3,3,29.7,65.1,54.8,80.7,0,1,0,0
7.05,82.92,83.79,2,2,68.6,58.1,29.5,63.1,0,0,0,1
7.33,72.74,64.23,0,2,34.1,49.1,59.2,63.6,0,1,1,1
7.03,56.47,88.76,1,1,62.5,56.7,33.9,86.0,0,2,1,1
7.22,88.97,78.13,2,4,64.3,56.4,97.1,70.4,4,2,0,1
,73.21,81.87,0,4,,,,88.1,0,0,0,0
5.76,69.37,89.67,1,3,92.1,44.5,57.2,20.5,3,1,0,0
8.79,84.93,63.88,2,2,35.4,69.7,64.4,68.3,0,2,0,1
6.35,74.08,74.64,2,6,59.1,85.5,55.1,50.7,0,3,1,1
6.21,88.6,69.69,2,2,55.0,69.2,55.1,91.6,0,1,1,1
5.05,84.17,59.32,0,3,67.8,77.1,67.2,87.8,1,5,1,1
6.56,84.84,78.47,1,2,63.9,81.4,85.9,60.6,0,1,0,1
5.88,64.34,100.0,1,5,53.7,83.5,73.0,87.6,0,1,2,1
8.84,90.12,56.6,0,2,52.1,93.1,85.1,92.1,0,1,3,1
8.21,80.61,74.68,1,2,39.9,57.5,42.2,61.3,0,0,2,1
6.51,74.31,81.41,1,5,77.8,54.2,65.4,100.0,1,2,2,1
9.45,79.43,76.23,1,2,68.3,76.8,62.6,59.4,0,1,0,1
8.18,60.24,73.87,2,2,76.5,75.6,66.0,56.1,0,1,1,1
6.88,82.09,62.01,0,6,54.4,76.6,83.4,75.6,3,0,0,1
4.7,67.71,77.33,4,0,48.2,93.3,56.2,53.6,0,2,1,0
9.49,64.47,67.43,1,4,40.6,65.2,53.1,61.5,1,2,2,1
5.81,62.78,53.1,0,0,66.5,71.4,69.1,85.4,2,0,1,0
5.55,89.13,86.95,0,3,41.3,50.3,29.8,60.3,4,1,2,0
8.22,71.71,84.58,1,2,93.3,97.0,56.0,29.5,0,3,0,1
9.64,93.34,75.52,0,3,36.5,60.0,57.7,66.6,1,1,0,1
8.58,72.64,77.29,0,4,64.9,60.4,44.4,47.5,0,2,2,1
7.76,60.93,85.74,3,2,88.2,59.8,78.0,75.6,1,1,1,1
7.79,66.83,77.24,1,8,70.8,55.3,41.9,72.5,0,0,2,1
8.05,90.36,84.04,0,0,63.2,54.1,57.7,86.5,0,3,3,1
7.96,76.44,72.03,0,6,42.6,57.1,65.0,76.3,2,1,0,0
7.48,72.52,88.12,2,3,35.1,44.5,83.0,79.6,0,2,0,1
7.3,79.6,78.21,1,1,73.9,53.2,59.8,48.0,3,8,2,1
7.14,83.02,76.94,0,1,87.1,94.2,75.9,74.5,2,0,1,1
6.45,89.17,62.3,0,2,52.1,76.0,71.9,95.4,0,3,0,1
6.92,92.48,77.87,0,3,39.5,78.9,62.1,47.6,0,3,0,1
5.51,74.4,66.68,0,5,15.8,82.7,41.5,92.4,0,2,0,1
7.1,64.74,68.62,1,0,42.3,92.5,35.6,50.1,5,1,0,0
6.21,73.87,66.85,0,1,58.0,38.4,61.8,44.7,0,0,0,0
6.1,80.6,64.34,2,2,88.8,46.6,50.8,65.3,1,1,2,1
7.38,68.36,96.25,0,3,72.1,52.9,75.6,72.9,1,0,1,1
8.59,68.43,88.31,1,2,65.5,58.0,72.7,76.4,3,3,0,1
8.12,81.44,94.2,4,4,52.8,60.5,56.9,42.7,2,5,2,1
5.63,77.51,62.77,1,3,49.5,58.3,40.3,67.8,1,1,1,0
6.21,78.33,75.71,2,2,85.3,68.3,68.7,47.7,0,1,0,1
8.14,70.42,62.06,1,2,63.6,65.5,42.7,33.2,0,0,1,1
6.22,75.7,68.04,2,3,22.2,54.2,47.1,43.3,0,0,1,0
6.98,68.76,65.82,1,2,47.9,32.4,43.3,46.5,3,1,0,0
7.75,86.9,87.4,1,1,44.6,50.1,57.6,69.4,1,2,1,0
6.23,88.35,71.04,2,3,50.2,56.8,79.9,80.7,2,1,1,0
7.31,59.54,85.68,1,7,70.1,61.3,59.9,33.5,1,2,1,0
5.87,68.7,81.04,2,3,58.1,48.1,52.5,66.3,0,2,0,1
6.6,63.03,98.04,0,2,58.6,57.6,34.1,38.8,0,2,0,0
7.52,71.5,60.21,0,5,83.6,48.0,69.4,71.3,0,1,1,1
5.61,77.17,87.59,2,1,47.5,63.1,46.7,48.8,0,1,2,1
7.64,63.5,86.46,2,1,93.6,48.9,62.0,41.1,1,2,1,1
7.18,68.78,65.27,0,1,47.9,52.3,54.0,74.4,0,1,0,0
7.75,67.96,85.07,1,4,61.6,45.4,74.2,49.4,1,1,0,0
7.42,80.07,78.36,4,2,54.9,62.7,57.3,54.3,1,3,0,1
8.56,78.69,72.73,1,3,62.2,52.0,59.0,20.0,0,1,1,1
